scenario,setting_alarm_threshold,setting_detection_probability,setting_false_alarm_probability,indicator,mean,half_width,lower,upper,n,confidence_level
S3 detection 1.00 false alarm 0.000,0.5,1.0,0.0,parts_produced,8240.6,8.069409674208524,8232.530590325792,8248.669409674209,50,0.95
S3 detection 1.00 false alarm 0.000,0.5,1.0,0.0,throughput_per_h,0.8175198412698411,0.0008005366740286204,0.8167193045958125,0.8183203779438697,50,0.95
S3 detection 1.00 false alarm 0.000,0.5,1.0,0.0,mean_lead_time_h,31.710812555526314,0.031165398045361586,31.679647157480954,31.741977953571674,50,0.95
S3 detection 1.00 false alarm 0.000,0.5,1.0,0.0,mean_wip_parts,20.53914479062476,0.021564146751623655,20.51758064387314,20.560708937376383,50,0.95
S3 detection 1.00 false alarm 0.000,0.5,1.0,0.0,parts_scrapped,0.04,0.05625638777941879,-0.01625638777941879,0.09625638777941879,50,0.95
S3 detection 1.00 false alarm 0.000,0.5,1.0,0.0,mean_quality,0.8085864133209639,0.00037487607542920087,0.8082115372455347,0.8089612893963931,50,0.95
S3 detection 1.00 false alarm 0.000,0.5,1.0,0.0,std_quality,0.06046531255828321,0.00028978327146151744,0.0601755292868217,0.060755095829744726,50,0.95
S3 detection 1.00 false alarm 0.000,0.5,1.0,0.0,failures_while_processing,0.04,0.05625638777941879,-0.01625638777941879,0.09625638777941879,50,0.95
S3 detection 1.00 false alarm 0.000,0.5,1.0,0.0,failures_while_starved,0.0,0.0,0.0,0.0,50,0.95
S3 detection 1.00 false alarm 0.000,0.5,1.0,0.0,failures_while_blocked,0.0,0.0,0.0,0.0,50,0.95
S3 detection 1.00 false alarm 0.000,0.5,1.0,0.0,alarms_true,1718.28,4.131606259063359,1714.1483937409366,1722.4116062590633,50,0.95
S3 detection 1.00 false alarm 0.000,0.5,1.0,0.0,alarms_false,0.0,0.0,0.0,0.0,50,0.95
S3 detection 1.00 false alarm 0.000,0.5,1.0,0.0,availability_M1,0.9451805555555556,0.0003716264393343605,0.9448089291162212,0.94555218199489,50,0.95
S3 detection 1.00 false alarm 0.000,0.5,1.0,0.0,repairs_M1,218.56,1.4481695294387809,217.11183047056122,220.0081695294388,50,0.95
S3 detection 1.00 false alarm 0.000,0.5,1.0,0.0,repairs_preventive_M1,218.56,1.4481695294387809,217.11183047056122,220.0081695294388,50,0.95
S3 detection 1.00 false alarm 0.000,0.5,1.0,0.0,share_processing_M1,0.8175114095853441,0.0007878060356291083,0.816723603549715,0.8182992156209732,50,0.95
S3 detection 1.00 false alarm 0.000,0.5,1.0,0.0,share_starved_M1,0.0,0.0,0.0,0.0,50,0.95
S3 detection 1.00 false alarm 0.000,0.5,1.0,0.0,share_blocked_M1,0.12766914597021148,0.0008328074488313513,0.12683633852138013,0.12850195341904283,50,0.95
S3 detection 1.00 false alarm 0.000,0.5,1.0,0.0,share_awaiting_repair_M1,0.0,0.0,0.0,0.0,50,0.95
S3 detection 1.00 false alarm 0.000,0.5,1.0,0.0,share_under_repair_M1,0.05481944444444445,0.0003716264393343606,0.05444781800511009,0.05519107088377881,50,0.95
S3 detection 1.00 false alarm 0.000,0.5,1.0,0.0,availability_M2,0.9456617063492062,0.0003123793397465623,0.9453493270094596,0.9459740856889528,50,0.95
S3 detection 1.00 false alarm 0.000,0.5,1.0,0.0,repairs_M2,217.06,1.180057913623458,215.87994208637653,218.24005791362347,50,0.95
S3 detection 1.00 false alarm 0.000,0.5,1.0,0.0,repairs_preventive_M2,217.06,1.180057913623458,215.87994208637653,218.24005791362347,50,0.95
S3 detection 1.00 false alarm 0.000,0.5,1.0,0.0,share_processing_M2,0.817525298474233,0.0007930811651412862,0.8167322173090917,0.8183183796393744,50,0.95
S3 detection 1.00 false alarm 0.000,0.5,1.0,0.0,share_starved_M2,0.0,0.0,0.0,0.0,50,0.95
S3 detection 1.00 false alarm 0.000,0.5,1.0,0.0,share_blocked_M2,0.12813640787497335,0.0008893167504006902,0.12724709112457266,0.12902572462537404,50,0.95
S3 detection 1.00 false alarm 0.000,0.5,1.0,0.0,share_awaiting_repair_M2,0.0,0.0,0.0,0.0,50,0.95
S3 detection 1.00 false alarm 0.000,0.5,1.0,0.0,share_under_repair_M2,0.05433829365079365,0.00031237933974656345,0.054025914311047085,0.05465067299054022,50,0.95
S3 detection 1.00 false alarm 0.000,0.5,1.0,0.0,availability_M3,0.8175357142857141,0.000795802214968364,0.8167399120707458,0.8183315165006825,50,0.95
S3 detection 1.00 false alarm 0.000,0.5,1.0,0.0,repairs_M3,629.36,3.199265210708865,626.1607347892912,632.5592652107089,50,0.95
S3 detection 1.00 false alarm 0.000,0.5,1.0,0.0,repairs_preventive_M3,629.32,3.21041573576548,626.1095842642346,632.5304157357655,50,0.95
S3 detection 1.00 false alarm 0.000,0.5,1.0,0.0,share_processing_M3,0.8175357142857141,0.000795802214968364,0.8167399120707458,0.8183315165006825,50,0.95
S3 detection 1.00 false alarm 0.000,0.5,1.0,0.0,share_starved_M3,0.0,0.0,0.0,0.0,50,0.95
S3 detection 1.00 false alarm 0.000,0.5,1.0,0.0,share_blocked_M3,0.0,0.0,0.0,0.0,50,0.95
S3 detection 1.00 false alarm 0.000,0.5,1.0,0.0,share_awaiting_repair_M3,0.0,0.0,0.0,0.0,50,0.95
S3 detection 1.00 false alarm 0.000,0.5,1.0,0.0,share_under_repair_M3,0.1824642857142857,0.0007958022149683633,0.18166848349931733,0.18326008792925405,50,0.95
S3 detection 1.00 false alarm 0.000,0.5,1.0,0.0,availability_M4,0.9455545634920636,0.00033489445154686215,0.9452196690405167,0.9458894579436105,50,0.95
S3 detection 1.00 false alarm 0.000,0.5,1.0,0.0,repairs_M4,217.62,1.3303897299473781,216.28961027005263,218.95038972994737,50,0.95
S3 detection 1.00 false alarm 0.000,0.5,1.0,0.0,repairs_preventive_M4,217.62,1.3303897299473781,216.28961027005263,218.95038972994737,50,0.95
S3 detection 1.00 false alarm 0.000,0.5,1.0,0.0,share_processing_M4,0.8175124016488361,0.0007889864121414991,0.8167234152366946,0.8183013880609776,50,0.95
S3 detection 1.00 false alarm 0.000,0.5,1.0,0.0,share_starved_M4,0.1280421618432273,0.0009154454189576519,0.12712671642426965,0.12895760726218497,50,0.95
S3 detection 1.00 false alarm 0.000,0.5,1.0,0.0,share_blocked_M4,0.0,0.0,0.0,0.0,50,0.95
S3 detection 1.00 false alarm 0.000,0.5,1.0,0.0,share_awaiting_repair_M4,0.0,0.0,0.0,0.0,50,0.95
S3 detection 1.00 false alarm 0.000,0.5,1.0,0.0,share_under_repair_M4,0.054445436507936505,0.00033489445154686573,0.05411054205638964,0.05478033095948337,50,0.95
S3 detection 1.00 false alarm 0.000,0.5,1.0,0.0,availability_M5,0.9452916666666666,0.00030806024729834524,0.9449836064193683,0.945599726913965,50,0.95
S3 detection 1.00 false alarm 0.000,0.5,1.0,0.0,repairs_M5,218.36,1.2203660394985378,217.13963396050147,219.58036603949856,50,0.95
S3 detection 1.00 false alarm 0.000,0.5,1.0,0.0,repairs_preventive_M5,218.36,1.2203660394985378,217.13963396050147,219.58036603949856,50,0.95
S3 detection 1.00 false alarm 0.000,0.5,1.0,0.0,share_processing_M5,0.8175342270456615,0.0008012184354542988,0.8167330086102071,0.8183354454811158,50,0.95
S3 detection 1.00 false alarm 0.000,0.5,1.0,0.0,share_starved_M5,0.1277574396210051,0.0008798956735002365,0.12687754394750486,0.12863733529450536,50,0.95
S3 detection 1.00 false alarm 0.000,0.5,1.0,0.0,share_blocked_M5,0.0,0.0,0.0,0.0,50,0.95
S3 detection 1.00 false alarm 0.000,0.5,1.0,0.0,share_awaiting_repair_M5,0.0,0.0,0.0,0.0,50,0.95
S3 detection 1.00 false alarm 0.000,0.5,1.0,0.0,share_under_repair_M5,0.05470833333333333,0.0003080602472983457,0.054400273086034984,0.05501639358063168,50,0.95
S3 detection 1.00 false alarm 0.000,0.5,1.0,0.0,availability_M6,0.9455208333333333,0.00031306720712377965,0.9452077661262095,0.945833900540457,50,0.95
S3 detection 1.00 false alarm 0.000,0.5,1.0,0.0,repairs_M6,217.44,1.2262946291051453,216.21370537089484,218.66629462910515,50,0.95
S3 detection 1.00 false alarm 0.000,0.5,1.0,0.0,repairs_preventive_M6,217.44,1.2262946291051453,216.21370537089484,218.66629462910515,50,0.95
S3 detection 1.00 false alarm 0.000,0.5,1.0,0.0,share_processing_M6,0.8175183540297885,0.0008018270466928796,0.8167165269830956,0.8183201810764813,50,0.95
S3 detection 1.00 false alarm 0.000,0.5,1.0,0.0,share_starved_M6,0.12800247930354477,0.0008313079883446873,0.1271711713152001,0.12883378729188946,50,0.95
S3 detection 1.00 false alarm 0.000,0.5,1.0,0.0,share_blocked_M6,0.0,0.0,0.0,0.0,50,0.95
S3 detection 1.00 false alarm 0.000,0.5,1.0,0.0,share_awaiting_repair_M6,0.0,0.0,0.0,0.0,50,0.95
S3 detection 1.00 false alarm 0.000,0.5,1.0,0.0,share_under_repair_M6,0.05447916666666667,0.0003130672071237818,0.054166099459542885,0.05479223387379045,50,0.95
S3 detection 1.00 false alarm 0.000,0.5,1.0,0.0,availability_mean,0.9241241732804233,0.00016601844369446627,0.9239581548367288,0.9242901917241177,50,0.95
S3 detection 1.00 false alarm 0.000,0.5,1.0,0.0,repairs_mean,286.4,0.6856664629707567,285.71433353702923,287.0856664629707,50,0.95
S3 detection 1.00 false alarm 0.000,0.5,1.0,0.0,repairs_preventive_mean,286.39333333333326,0.6881833439585433,285.7051499893747,287.0815166772918,50,0.95
S3 detection 1.00 false alarm 0.002,0.5,1.0,0.002,parts_produced,8221.48,8.60121198420995,8212.878788015789,8230.08121198421,50,0.95
S3 detection 1.00 false alarm 0.002,0.5,1.0,0.002,throughput_per_h,0.8156230158730158,0.0008532948397033649,0.8147697210333125,0.8164763107127191,50,0.95
S3 detection 1.00 false alarm 0.002,0.5,1.0,0.002,mean_lead_time_h,31.81983648212408,0.03539044912398476,31.784446033000098,31.855226931248065,50,0.95
S3 detection 1.00 false alarm 0.002,0.5,1.0,0.002,mean_wip_parts,20.57164751694164,0.02223123572036768,20.54941628122127,20.593878752662008,50,0.95
S3 detection 1.00 false alarm 0.002,0.5,1.0,0.002,parts_scrapped,0.06,0.08913427727563562,-0.029134277275635626,0.1491342772756356,50,0.95
S3 detection 1.00 false alarm 0.002,0.5,1.0,0.002,mean_quality,0.8122168668186878,0.0004377969915799203,0.8117790698271078,0.8126546638102677,50,0.95
S3 detection 1.00 false alarm 0.002,0.5,1.0,0.002,std_quality,0.060127225807885105,0.0002321857472486514,0.05989504006063645,0.06035941155513376,50,0.95
S3 detection 1.00 false alarm 0.002,0.5,1.0,0.002,failures_while_processing,0.06,0.08913427727563562,-0.029134277275635626,0.1491342772756356,50,0.95
S3 detection 1.00 false alarm 0.002,0.5,1.0,0.002,failures_while_starved,0.0,0.0,0.0,0.0,50,0.95
S3 detection 1.00 false alarm 0.002,0.5,1.0,0.002,failures_while_blocked,0.0,0.0,0.0,0.0,50,0.95
S3 detection 1.00 false alarm 0.002,0.5,1.0,0.002,alarms_true,1668.56,4.276333550865044,1664.283666449135,1672.836333550865,50,0.95
S3 detection 1.00 false alarm 0.002,0.5,1.0,0.002,alarms_false,110.32,3.5964144496471078,106.72358555035288,113.9164144496471,50,0.95
S3 detection 1.00 false alarm 0.002,0.5,1.0,0.002,availability_M1,0.9424722222222222,0.00037254420320121425,0.942099678019021,0.9428447664254234,50,0.95
S3 detection 1.00 false alarm 0.002,0.5,1.0,0.002,repairs_M1,229.76,1.5444487489009777,228.21555125109901,231.30444874890097,50,0.95
S3 detection 1.00 false alarm 0.002,0.5,1.0,0.002,repairs_preventive_M1,229.76,1.5444487489009777,228.21555125109901,231.30444874890097,50,0.95
S3 detection 1.00 false alarm 0.002,0.5,1.0,0.002,share_processing_M1,0.8156333181201907,0.0008647617133918501,0.8147685564067988,0.8164980798335826,50,0.95
S3 detection 1.00 false alarm 0.002,0.5,1.0,0.002,share_starved_M1,0.0,0.0,0.0,0.0,50,0.95
S3 detection 1.00 false alarm 0.002,0.5,1.0,0.002,share_blocked_M1,0.12683890410203147,0.000964408183972192,0.12587449591805927,0.12780331228600367,50,0.95
S3 detection 1.00 false alarm 0.002,0.5,1.0,0.002,share_awaiting_repair_M1,0.0,0.0,0.0,0.0,50,0.95
S3 detection 1.00 false alarm 0.002,0.5,1.0,0.002,share_under_repair_M1,0.057527777777777775,0.00037254420320121474,0.05715523357457656,0.05790032198097899,50,0.95
S3 detection 1.00 false alarm 0.002,0.5,1.0,0.002,availability_M2,0.943125,0.0003797300221447663,0.9427452699778552,0.9435047300221447,50,0.95
S3 detection 1.00 false alarm 0.002,0.5,1.0,0.002,repairs_M2,227.32,1.4911038310556124,225.82889616894437,228.81110383105562,50,0.95
S3 detection 1.00 false alarm 0.002,0.5,1.0,0.002,repairs_preventive_M2,227.32,1.4911038310556124,225.82889616894437,228.81110383105562,50,0.95
S3 detection 1.00 false alarm 0.002,0.5,1.0,0.002,share_processing_M2,0.8155983934323097,0.0008718147357687875,0.8147265786965409,0.8164702081680785,50,0.95
S3 detection 1.00 false alarm 0.002,0.5,1.0,0.002,share_starved_M2,0.0,0.0,0.0,0.0,50,0.95
S3 detection 1.00 false alarm 0.002,0.5,1.0,0.002,share_blocked_M2,0.12752660656769033,0.0009651861757752302,0.1265614203919151,0.12849179274346556,50,0.95
S3 detection 1.00 false alarm 0.002,0.5,1.0,0.002,share_awaiting_repair_M2,0.0,0.0,0.0,0.0,50,0.95
S3 detection 1.00 false alarm 0.002,0.5,1.0,0.002,share_under_repair_M2,0.056875,0.00037973002214476746,0.056495269977855235,0.05725473002214477,50,0.95
S3 detection 1.00 false alarm 0.002,0.5,1.0,0.002,availability_M3,0.8155962301587302,0.0008708388143524766,0.8147253913443777,0.8164670689730826,50,0.95
S3 detection 1.00 false alarm 0.002,0.5,1.0,0.002,repairs_M3,638.54,3.020350091865489,635.5196499081345,641.5603500918654,50,0.95
S3 detection 1.00 false alarm 0.002,0.5,1.0,0.002,repairs_preventive_M3,638.48,3.0176365489574426,635.4623634510426,641.4976365489574,50,0.95
S3 detection 1.00 false alarm 0.002,0.5,1.0,0.002,share_processing_M3,0.8155962301587302,0.0008708388143524766,0.8147253913443777,0.8164670689730826,50,0.95
S3 detection 1.00 false alarm 0.002,0.5,1.0,0.002,share_starved_M3,0.0,0.0,0.0,0.0,50,0.95
S3 detection 1.00 false alarm 0.002,0.5,1.0,0.002,share_blocked_M3,0.0,0.0,0.0,0.0,50,0.95
S3 detection 1.00 false alarm 0.002,0.5,1.0,0.002,share_awaiting_repair_M3,0.0,0.0,0.0,0.0,50,0.95
S3 detection 1.00 false alarm 0.002,0.5,1.0,0.002,share_under_repair_M3,0.18440376984126983,0.0008708388143524767,0.18353293102691734,0.1852746086556223,50,0.95
S3 detection 1.00 false alarm 0.002,0.5,1.0,0.002,availability_M4,0.9429484126984127,0.00045700450864457644,0.9424914081897681,0.9434054172070573,50,0.95
S3 detection 1.00 false alarm 0.002,0.5,1.0,0.002,repairs_M4,228.4,1.7528476969340532,226.64715230306595,230.15284769693406,50,0.95
S3 detection 1.00 false alarm 0.002,0.5,1.0,0.002,repairs_preventive_M4,228.4,1.7528476969340532,226.64715230306595,230.15284769693406,50,0.95
S3 detection 1.00 false alarm 0.002,0.5,1.0,0.002,share_processing_M4,0.8155983934323097,0.0008663151094462591,0.8147320783228634,0.8164647085417559,50,0.95
S3 detection 1.00 false alarm 0.002,0.5,1.0,0.002,share_starved_M4,0.127350019266103,0.0010646017133692097,0.1262854175527338,0.12841462097947223,50,0.95
S3 detection 1.00 false alarm 0.002,0.5,1.0,0.002,share_blocked_M4,0.0,0.0,0.0,0.0,50,0.95
S3 detection 1.00 false alarm 0.002,0.5,1.0,0.002,share_awaiting_repair_M4,0.0,0.0,0.0,0.0,50,0.95
S3 detection 1.00 false alarm 0.002,0.5,1.0,0.002,share_under_repair_M4,0.0570515873015873,0.00045700450864458056,0.056594582792942716,0.05750859181023188,50,0.95
S3 detection 1.00 false alarm 0.002,0.5,1.0,0.002,availability_M5,0.9430545634920635,0.00037679750966719734,0.9426777659823963,0.9434313610017308,50,0.95
S3 detection 1.00 false alarm 0.002,0.5,1.0,0.002,repairs_M5,227.44,1.6352700753631588,225.80472992463683,229.07527007536316,50,0.95
S3 detection 1.00 false alarm 0.002,0.5,1.0,0.002,repairs_preventive_M5,227.44,1.6352700753631588,225.80472992463683,229.07527007536316,50,0.95
S3 detection 1.00 false alarm 0.002,0.5,1.0,0.002,share_processing_M5,0.815619226765643,0.0008628733467998933,0.8147563534188431,0.8164821001124429,50,0.95
S3 detection 1.00 false alarm 0.002,0.5,1.0,0.002,share_starved_M5,0.1274353367264205,0.0009834077359076833,0.1264519289905128,0.12841874446232818,50,0.95
S3 detection 1.00 false alarm 0.002,0.5,1.0,0.002,share_blocked_M5,0.0,0.0,0.0,0.0,50,0.95
S3 detection 1.00 false alarm 0.002,0.5,1.0,0.002,share_awaiting_repair_M5,0.0,0.0,0.0,0.0,50,0.95
S3 detection 1.00 false alarm 0.002,0.5,1.0,0.002,share_under_repair_M5,0.056945436507936514,0.00037679750966719864,0.05656863899826932,0.05732223401760371,50,0.95
S3 detection 1.00 false alarm 0.002,0.5,1.0,0.002,availability_M6,0.943125992063492,0.00036963192582185986,0.9427563601376702,0.9434956239893139,50,0.95
S3 detection 1.00 false alarm 0.002,0.5,1.0,0.002,repairs_M6,227.36,1.400254904726883,225.95974509527312,228.7602549047269,50,0.95
S3 detection 1.00 false alarm 0.002,0.5,1.0,0.002,repairs_preventive_M6,227.36,1.400254904726883,225.95974509527312,228.7602549047269,50,0.95
S3 detection 1.00 false alarm 0.002,0.5,1.0,0.002,share_processing_M6,0.8156182347021509,0.0008536368182957482,0.8147645978838551,0.8164718715204466,50,0.95
S3 detection 1.00 false alarm 0.002,0.5,1.0,0.002,share_starved_M6,0.12750775736134112,0.0009216527174019344,0.12658610464393918,0.12842941007874306,50,0.95
S3 detection 1.00 false alarm 0.002,0.5,1.0,0.002,share_blocked_M6,0.0,0.0,0.0,0.0,50,0.95
S3 detection 1.00 false alarm 0.002,0.5,1.0,0.002,share_awaiting_repair_M6,0.0,0.0,0.0,0.0,50,0.95
S3 detection 1.00 false alarm 0.002,0.5,1.0,0.002,share_under_repair_M6,0.056874007936507945,0.0003696319258218627,0.05650437601068608,0.05724363986232981,50,0.95
S3 detection 1.00 false alarm 0.002,0.5,1.0,0.002,availability_mean,0.9217204034391534,0.00019698368211886437,0.9215234197570346,0.9219173871212722,50,0.95
S3 detection 1.00 false alarm 0.002,0.5,1.0,0.002,repairs_mean,296.46999999999997,0.7267514899218068,295.74324851007816,297.1967514899218,50,0.95
S3 detection 1.00 false alarm 0.002,0.5,1.0,0.002,repairs_preventive_mean,296.46,0.7289450576439749,295.731054942356,297.18894505764393,50,0.95
S3 detection 1.00 false alarm 0.010,0.5,1.0,0.01,parts_produced,8138.18,9.812112671258248,8128.367887328742,8147.992112671259,50,0.95
S3 detection 1.00 false alarm 0.010,0.5,1.0,0.01,throughput_per_h,0.807359126984127,0.0009734238761168862,0.8063857031080102,0.8083325508602439,50,0.95
S3 detection 1.00 false alarm 0.010,0.5,1.0,0.01,mean_lead_time_h,32.29998742968924,0.045370594023884055,32.25461683566535,32.345358023713125,50,0.95
S3 detection 1.00 false alarm 0.010,0.5,1.0,0.01,mean_wip_parts,20.715650989419775,0.02513999541850432,20.69051099400127,20.74079098483828,50,0.95
S3 detection 1.00 false alarm 0.010,0.5,1.0,0.01,parts_scrapped,0.08,0.07788344219501549,0.0021165578049845146,0.1578834421950155,50,0.95
S3 detection 1.00 false alarm 0.010,0.5,1.0,0.01,mean_quality,0.8245624413242245,0.00035333668727054114,0.824209104636954,0.8249157780114951,50,0.95
S3 detection 1.00 false alarm 0.010,0.5,1.0,0.01,std_quality,0.05954314857026435,0.00024365977649998851,0.05929948879376436,0.059786808346764336,50,0.95
S3 detection 1.00 false alarm 0.010,0.5,1.0,0.01,failures_while_processing,0.08,0.07788344219501549,0.0021165578049845146,0.1578834421950155,50,0.95
S3 detection 1.00 false alarm 0.010,0.5,1.0,0.01,failures_while_starved,0.0,0.0,0.0,0.0,50,0.95
S3 detection 1.00 false alarm 0.010,0.5,1.0,0.01,failures_while_blocked,0.0,0.0,0.0,0.0,50,0.95
S3 detection 1.00 false alarm 0.010,0.5,1.0,0.01,alarms_true,1478.3,4.282915868459563,1474.0170841315403,1482.5829158684596,50,0.95
S3 detection 1.00 false alarm 0.010,0.5,1.0,0.01,alarms_false,548.5,5.974413925183308,542.5255860748167,554.4744139251833,50,0.95
S3 detection 1.00 false alarm 0.010,0.5,1.0,0.01,availability_M1,0.9321785714285713,0.0005428634347965248,0.9316357079937748,0.9327214348633678,50,0.95
S3 detection 1.00 false alarm 0.010,0.5,1.0,0.01,repairs_M1,271.82,2.1303664061329157,269.6896335938671,273.9503664061329,50,0.95
S3 detection 1.00 false alarm 0.010,0.5,1.0,0.01,repairs_preventive_M1,271.82,2.1303664061329157,269.6896335938671,273.9503664061329,50,0.95
S3 detection 1.00 false alarm 0.010,0.5,1.0,0.01,share_processing_M1,0.8073658531378156,0.0009680317945174439,0.8063978213432982,0.808333884932333,50,0.95
S3 detection 1.00 false alarm 0.010,0.5,1.0,0.01,share_starved_M1,0.0,0.0,0.0,0.0,50,0.95
S3 detection 1.00 false alarm 0.010,0.5,1.0,0.01,share_blocked_M1,0.12481271829075573,0.001222774481416455,0.12358994380933927,0.1260354927721722,50,0.95
S3 detection 1.00 false alarm 0.010,0.5,1.0,0.01,share_awaiting_repair_M1,0.0,0.0,0.0,0.0,50,0.95
S3 detection 1.00 false alarm 0.010,0.5,1.0,0.01,share_under_repair_M1,0.06782142857142856,0.0005428634347965255,0.06727856513663204,0.06836429200622508,50,0.95
S3 detection 1.00 false alarm 0.010,0.5,1.0,0.01,availability_M2,0.9324325396825395,0.00048035983036610864,0.9319521798521734,0.9329128995129056,50,0.95
S3 detection 1.00 false alarm 0.010,0.5,1.0,0.01,repairs_M2,270.58,1.9060959432896063,268.6739040567104,272.48609594328957,50,0.95
S3 detection 1.00 false alarm 0.010,0.5,1.0,0.01,repairs_preventive_M2,270.58,1.9060959432896063,268.6739040567104,272.48609594328957,50,0.95
S3 detection 1.00 false alarm 0.010,0.5,1.0,0.01,share_processing_M2,0.8073341071060696,0.0009743922951861415,0.8063597148108834,0.8083084994012557,50,0.95
S3 detection 1.00 false alarm 0.010,0.5,1.0,0.01,share_starved_M2,3.968253968253968e-06,7.974504909243013e-06,-4.006250940989045e-06,1.194275887749698e-05,50,0.95
S3 detection 1.00 false alarm 0.010,0.5,1.0,0.01,share_blocked_M2,0.12509446432250176,0.0011274683442176305,0.12396699597828413,0.12622193266671938,50,0.95
S3 detection 1.00 false alarm 0.010,0.5,1.0,0.01,share_awaiting_repair_M2,0.0,0.0,0.0,0.0,50,0.95
S3 detection 1.00 false alarm 0.010,0.5,1.0,0.01,share_under_repair_M2,0.06756746031746032,0.0004803598303661108,0.06708710048709421,0.06804782014782643,50,0.95
S3 detection 1.00 false alarm 0.010,0.5,1.0,0.01,availability_M3,0.8073035714285715,0.0009712875093470293,0.8063322839192244,0.8082748589379185,50,0.95
S3 detection 1.00 false alarm 0.010,0.5,1.0,0.01,repairs_M3,673.18,3.061265358737739,670.1187346412622,676.2412653587377,50,0.95
S3 detection 1.00 false alarm 0.010,0.5,1.0,0.01,repairs_preventive_M3,673.1,3.0594125466767155,670.0405874533233,676.1594125466768,50,0.95
S3 detection 1.00 false alarm 0.010,0.5,1.0,0.01,share_processing_M3,0.8073035714285715,0.0009712875093470293,0.8063322839192244,0.8082748589379185,50,0.95
S3 detection 1.00 false alarm 0.010,0.5,1.0,0.01,share_starved_M3,0.0,0.0,0.0,0.0,50,0.95
S3 detection 1.00 false alarm 0.010,0.5,1.0,0.01,share_blocked_M3,0.0,0.0,0.0,0.0,50,0.95
S3 detection 1.00 false alarm 0.010,0.5,1.0,0.01,share_awaiting_repair_M3,0.0,0.0,0.0,0.0,50,0.95
S3 detection 1.00 false alarm 0.010,0.5,1.0,0.01,share_under_repair_M3,0.1926964285714286,0.00097128750934703,0.19172514106208158,0.19366771608077563,50,0.95
S3 detection 1.00 false alarm 0.010,0.5,1.0,0.01,availability_M4,0.932566468253968,0.0005674189154415209,0.9319990493385265,0.9331338871694096,50,0.95
S3 detection 1.00 false alarm 0.010,0.5,1.0,0.01,repairs_M4,270.66,2.3128278073389628,268.34717219266105,272.972827807339,50,0.95
S3 detection 1.00 false alarm 0.010,0.5,1.0,0.01,repairs_preventive_M4,270.66,2.3128278073389628,268.34717219266105,272.972827807339,50,0.95
S3 detection 1.00 false alarm 0.010,0.5,1.0,0.01,share_processing_M4,0.8073264495999876,0.0009753473729038649,0.8063511022270837,0.8083017969728914,50,0.95
S3 detection 1.00 false alarm 0.010,0.5,1.0,0.01,share_starved_M4,0.12524001865398074,0.0011500498012916454,0.1240899688526891,0.1263900684552724,50,0.95
S3 detection 1.00 false alarm 0.010,0.5,1.0,0.01,share_blocked_M4,0.0,0.0,0.0,0.0,50,0.95
S3 detection 1.00 false alarm 0.010,0.5,1.0,0.01,share_awaiting_repair_M4,0.0,0.0,0.0,0.0,50,0.95
S3 detection 1.00 false alarm 0.010,0.5,1.0,0.01,share_under_repair_M4,0.06743353174603174,0.0005674189154415225,0.06686611283059021,0.06800095066147327,50,0.95
S3 detection 1.00 false alarm 0.010,0.5,1.0,0.01,availability_M5,0.9323819444444444,0.000564433963958934,0.9318175104804856,0.9329463784084033,50,0.95
S3 detection 1.00 false alarm 0.010,0.5,1.0,0.01,repairs_M5,270.92,2.219900870104247,268.70009912989576,273.13990087010427,50,0.95
S3 detection 1.00 false alarm 0.010,0.5,1.0,0.01,repairs_preventive_M5,270.92,2.219900870104247,268.70009912989576,273.13990087010427,50,0.95
S3 detection 1.00 false alarm 0.010,0.5,1.0,0.01,share_processing_M5,0.8073363702349081,0.0009864512672028624,0.8063499189677052,0.808322821502111,50,0.95
S3 detection 1.00 false alarm 0.010,0.5,1.0,0.01,share_starved_M5,0.12504557420953633,0.0010395419589465911,0.12400603225058973,0.12608511616848292,50,0.95
S3 detection 1.00 false alarm 0.010,0.5,1.0,0.01,share_blocked_M5,0.0,0.0,0.0,0.0,50,0.95
S3 detection 1.00 false alarm 0.010,0.5,1.0,0.01,share_awaiting_repair_M5,0.0,0.0,0.0,0.0,50,0.95
S3 detection 1.00 false alarm 0.010,0.5,1.0,0.01,share_under_repair_M5,0.06761805555555556,0.0005644339639589363,0.06705362159159663,0.06818248951951449,50,0.95
S3 detection 1.00 false alarm 0.010,0.5,1.0,0.01,availability_M6,0.9326041666666666,0.00046694136676069924,0.9321372252999058,0.9330711080334273,50,0.95
S3 detection 1.00 false alarm 0.010,0.5,1.0,0.01,repairs_M6,269.8,1.864045597213589,267.9359544027864,271.6640455972136,50,0.95
S3 detection 1.00 false alarm 0.010,0.5,1.0,0.01,repairs_preventive_M6,269.8,1.864045597213589,267.9359544027864,271.6640455972136,50,0.95
S3 detection 1.00 false alarm 0.010,0.5,1.0,0.01,share_processing_M6,0.8073512511872891,0.0009773400864976386,0.8063739111007915,0.8083285912737868,50,0.95
S3 detection 1.00 false alarm 0.010,0.5,1.0,0.01,share_starved_M6,0.1252529154793776,0.0010656732140394165,0.1241872422653382,0.12631858869341703,50,0.95
S3 detection 1.00 false alarm 0.010,0.5,1.0,0.01,share_blocked_M6,0.0,0.0,0.0,0.0,50,0.95
S3 detection 1.00 false alarm 0.010,0.5,1.0,0.01,share_awaiting_repair_M6,0.0,0.0,0.0,0.0,50,0.95
S3 detection 1.00 false alarm 0.010,0.5,1.0,0.01,share_under_repair_M6,0.06739583333333332,0.0004669413667607008,0.06692889196657262,0.06786277470009403,50,0.95
S3 detection 1.00 false alarm 0.010,0.5,1.0,0.01,availability_mean,0.9115778769841271,0.00025986779542326783,0.9113180091887038,0.9118377447795504,50,0.95
S3 detection 1.00 false alarm 0.010,0.5,1.0,0.01,repairs_mean,337.82666666666665,0.9130115949609496,336.9136550717057,338.7396782616276,50,0.95
S3 detection 1.00 false alarm 0.010,0.5,1.0,0.01,repairs_preventive_mean,337.81333333333333,0.9107359991753602,336.902597334158,338.7240693325087,50,0.95
S3 detection 1.00 false alarm 0.050,0.5,1.0,0.05,parts_produced,7709.56,10.252678441900498,7699.3073215581,7719.812678441901,50,0.95
S3 detection 1.00 false alarm 0.050,0.5,1.0,0.05,throughput_per_h,0.7648373015873016,0.001017130797807597,0.7638201707894939,0.7658544323851092,50,0.95
S3 detection 1.00 false alarm 0.050,0.5,1.0,0.05,mean_lead_time_h,35.17465115910355,0.12493854346883557,35.04971261563471,35.29958970257238,50,0.95
S3 detection 1.00 false alarm 0.050,0.5,1.0,0.05,mean_wip_parts,21.629795053740438,0.0999613491840907,21.529833704556346,21.72975640292453,50,0.95
S3 detection 1.00 false alarm 0.050,0.5,1.0,0.05,parts_scrapped,0.08,0.0778834421950155,0.0021165578049845007,0.1578834421950155,50,0.95
S3 detection 1.00 false alarm 0.050,0.5,1.0,0.05,mean_quality,0.8754117099320792,0.0005515877224401091,0.874860122209639,0.8759632976545193,50,0.95
S3 detection 1.00 false alarm 0.050,0.5,1.0,0.05,std_quality,0.05416184758307842,0.0002880093403665504,0.053873838242711865,0.05444985692344497,50,0.95
S3 detection 1.00 false alarm 0.050,0.5,1.0,0.05,failures_while_processing,0.08,0.0778834421950155,0.0021165578049845007,0.1578834421950155,50,0.95
S3 detection 1.00 false alarm 0.050,0.5,1.0,0.05,failures_while_starved,0.0,0.0,0.0,0.0,50,0.95
S3 detection 1.00 false alarm 0.050,0.5,1.0,0.05,failures_while_blocked,0.0,0.0,0.0,0.0,50,0.95
S3 detection 1.00 false alarm 0.050,0.5,1.0,0.05,alarms_true,837.42,6.008209539687245,831.4117904603127,843.4282095396873,50,0.95
S3 detection 1.00 false alarm 0.050,0.5,1.0,0.05,alarms_false,2621.68,14.69719888429591,2606.9828011157038,2636.377198884296,50,0.95
S3 detection 1.00 false alarm 0.050,0.5,1.0,0.05,availability_M1,0.87027876984127,0.0011096265747566956,0.8691691432665133,0.8713883964160266,50,0.95
S3 detection 1.00 false alarm 0.050,0.5,1.0,0.05,repairs_M1,522.3,4.504263546304367,517.7957364536956,526.8042635463044,50,0.95
S3 detection 1.00 false alarm 0.050,0.5,1.0,0.05,repairs_preventive_M1,522.3,4.504263546304367,517.7957364536956,526.8042635463044,50,0.95
S3 detection 1.00 false alarm 0.050,0.5,1.0,0.05,share_processing_M1,0.7647411461430527,0.001009175473288216,0.7637319706697644,0.7657503216163409,50,0.95
S3 detection 1.00 false alarm 0.050,0.5,1.0,0.05,share_starved_M1,0.0,0.0,0.0,0.0,50,0.95
S3 detection 1.00 false alarm 0.050,0.5,1.0,0.05,share_blocked_M1,0.10553762369821726,0.0015385211596853565,0.1039991025385319,0.10707614485790262,50,0.95
S3 detection 1.00 false alarm 0.050,0.5,1.0,0.05,share_awaiting_repair_M1,0.0,0.0,0.0,0.0,50,0.95
S3 detection 1.00 false alarm 0.050,0.5,1.0,0.05,share_under_repair_M1,0.12972123015873016,0.001109626574756696,0.12861160358397347,0.13083085673348685,50,0.95
S3 detection 1.00 false alarm 0.050,0.5,1.0,0.05,availability_M2,0.8711150793650795,0.0012661967162768866,0.8698488826488026,0.8723812760813564,50,0.95
S3 detection 1.00 false alarm 0.050,0.5,1.0,0.05,repairs_M2,519.06,5.090157244601708,513.9698427553982,524.1501572446017,50,0.95
S3 detection 1.00 false alarm 0.050,0.5,1.0,0.05,repairs_preventive_M2,519.06,5.090157244601708,513.9698427553982,524.1501572446017,50,0.95
S3 detection 1.00 false alarm 0.050,0.5,1.0,0.05,share_processing_M2,0.7647351937621002,0.0010176625384990547,0.7637175312236011,0.7657528563005993,50,0.95
S3 detection 1.00 false alarm 0.050,0.5,1.0,0.05,share_starved_M2,0.0005922619047619048,0.0002367541530577195,0.00035550775170418525,0.0008290160578196243,50,0.95
S3 detection 1.00 false alarm 0.050,0.5,1.0,0.05,share_blocked_M2,0.10578762369821726,0.001518408518300896,0.10426921517991636,0.10730603221651816,50,0.95
S3 detection 1.00 false alarm 0.050,0.5,1.0,0.05,share_awaiting_repair_M2,0.0,0.0,0.0,0.0,50,0.95
S3 detection 1.00 false alarm 0.050,0.5,1.0,0.05,share_under_repair_M2,0.12888492063492063,0.0012661967162768868,0.12761872391864373,0.13015111735119753,50,0.95
S3 detection 1.00 false alarm 0.050,0.5,1.0,0.05,availability_M3,0.7653382936507938,0.001054175167441508,0.7642841184833522,0.7663924688182353,50,0.95
S3 detection 1.00 false alarm 0.050,0.5,1.0,0.05,repairs_M3,859.62,4.168880018107665,855.4511199818924,863.7888800181076,50,0.95
S3 detection 1.00 false alarm 0.050,0.5,1.0,0.05,repairs_preventive_M3,859.54,4.185973167077471,855.3540268329225,863.7259731670774,50,0.95
S3 detection 1.00 false alarm 0.050,0.5,1.0,0.05,share_processing_M3,0.7647699262544685,0.0010207921601426253,0.7637491340943259,0.7657907184146111,50,0.95
S3 detection 1.00 false alarm 0.050,0.5,1.0,0.05,share_starved_M3,0.00028910853436274833,9.741453527164412e-05,0.00019169399909110422,0.00038652306963439244,50,0.95
S3 detection 1.00 false alarm 0.050,0.5,1.0,0.05,share_blocked_M3,0.0002792588619622385,0.00010563343862700459,0.00017362542333523393,0.0003848923005892431,50,0.95
S3 detection 1.00 false alarm 0.050,0.5,1.0,0.05,share_awaiting_repair_M3,0.0,0.0,0.0,0.0,50,0.95
S3 detection 1.00 false alarm 0.050,0.5,1.0,0.05,share_under_repair_M3,0.23466170634920633,0.0010541751674415071,0.23360753118176483,0.23571588151664782,50,0.95
S3 detection 1.00 false alarm 0.050,0.5,1.0,0.05,availability_M4,0.8703373015873015,0.001068143153573808,0.8692691584337277,0.8714054447408753,50,0.95
S3 detection 1.00 false alarm 0.050,0.5,1.0,0.05,repairs_M4,522.14,4.345862849183748,517.7941371508163,526.4858628491837,50,0.95
S3 detection 1.00 false alarm 0.050,0.5,1.0,0.05,repairs_preventive_M4,522.14,4.345862849183748,517.7941371508163,526.4858628491837,50,0.95
S3 detection 1.00 false alarm 0.050,0.5,1.0,0.05,share_processing_M4,0.7647719001113067,0.0010237427645715985,0.7637481573467351,0.7657956428758783,50,0.95
S3 detection 1.00 false alarm 0.050,0.5,1.0,0.05,share_starved_M4,0.10490362041230751,0.001321519125478239,0.10358210128682926,0.10622513953778576,50,0.95
S3 detection 1.00 false alarm 0.050,0.5,1.0,0.05,share_blocked_M4,0.000661781063687501,0.00019857041930639564,0.00046321064438110536,0.0008603514829938966,50,0.95
S3 detection 1.00 false alarm 0.050,0.5,1.0,0.05,share_awaiting_repair_M4,0.0,0.0,0.0,0.0,50,0.95
S3 detection 1.00 false alarm 0.050,0.5,1.0,0.05,share_under_repair_M4,0.1296626984126984,0.0010681431535738087,0.12859455525912458,0.1307308415662722,50,0.95
S3 detection 1.00 false alarm 0.050,0.5,1.0,0.05,availability_M5,0.871156746031746,0.0012457852401820447,0.8699109607915639,0.872402531271928,50,0.95
S3 detection 1.00 false alarm 0.050,0.5,1.0,0.05,repairs_M5,518.56,4.975113415711728,513.5848865842883,523.5351134157116,50,0.95
S3 detection 1.00 false alarm 0.050,0.5,1.0,0.05,repairs_preventive_M5,518.56,4.975113415711728,513.5848865842883,523.5351134157116,50,0.95
S3 detection 1.00 false alarm 0.050,0.5,1.0,0.05,share_processing_M5,0.7648234874128939,0.0010281824500567537,0.7637953049628371,0.7658516698629506,50,0.95
S3 detection 1.00 false alarm 0.050,0.5,1.0,0.05,share_starved_M5,0.10569032858415894,0.0017496992285003369,0.1039406293556586,0.10744002781265928,50,0.95
S3 detection 1.00 false alarm 0.050,0.5,1.0,0.05,share_blocked_M5,0.0006429300346932313,0.00017021695399667435,0.0004727130806965569,0.0008131469886899056,50,0.95
S3 detection 1.00 false alarm 0.050,0.5,1.0,0.05,share_awaiting_repair_M5,0.0,0.0,0.0,0.0,50,0.95
S3 detection 1.00 false alarm 0.050,0.5,1.0,0.05,share_under_repair_M5,0.12884325396825397,0.0012457852401820436,0.12759746872807193,0.130089039208436,50,0.95
S3 detection 1.00 false alarm 0.050,0.5,1.0,0.05,availability_M6,0.8714007936507937,0.0010908993280458168,0.8703098943227479,0.8724916929788396,50,0.95
S3 detection 1.00 false alarm 0.050,0.5,1.0,0.05,repairs_M6,517.64,4.38090035467695,513.2590996453231,522.0209003546769,50,0.95
S3 detection 1.00 false alarm 0.050,0.5,1.0,0.05,repairs_preventive_M6,517.64,4.38090035467695,513.2590996453231,522.0209003546769,50,0.95
S3 detection 1.00 false alarm 0.050,0.5,1.0,0.05,share_processing_M6,0.7648304318573382,0.001015070656715577,0.7638153612006227,0.7658455025140538,50,0.95
S3 detection 1.00 false alarm 0.050,0.5,1.0,0.05,share_starved_M6,0.10657036179345536,0.0014606670850612913,0.10510969470839407,0.10803102887851665,50,0.95
S3 detection 1.00 false alarm 0.050,0.5,1.0,0.05,share_blocked_M6,0.0,0.0,0.0,0.0,50,0.95
S3 detection 1.00 false alarm 0.050,0.5,1.0,0.05,share_awaiting_repair_M6,0.0,0.0,0.0,0.0,50,0.95
S3 detection 1.00 false alarm 0.050,0.5,1.0,0.05,share_under_repair_M6,0.12859920634920635,0.0010908993280458166,0.12750830702116053,0.12969010567725217,50,0.95
S3 detection 1.00 false alarm 0.050,0.5,1.0,0.05,availability_mean,0.8532711640211642,0.00045879105999623227,0.852812372961168,0.8537299550811605,50,0.95
S3 detection 1.00 false alarm 0.050,0.5,1.0,0.05,repairs_mean,576.5533333333334,1.8218208697234182,574.73151246361,578.3751542030568,50,0.95
S3 detection 1.00 false alarm 0.050,0.5,1.0,0.05,repairs_preventive_mean,576.54,1.8244357805114892,574.7155642194884,578.3644357805115,50,0.95
S3 detection 0.90 false alarm 0.000,0.5,0.9,0.0,parts_produced,8216.74,9.21454366764246,8207.525456332358,8225.954543667642,50,0.95
S3 detection 0.90 false alarm 0.000,0.5,0.9,0.0,throughput_per_h,0.8151527777777777,0.0009141412368692883,0.8142386365409084,0.816066919014647,50,0.95
S3 detection 0.90 false alarm 0.000,0.5,0.9,0.0,mean_lead_time_h,31.818793911454673,0.03734793443210258,31.78144597702257,31.856141845886775,50,0.95
S3 detection 0.90 false alarm 0.000,0.5,0.9,0.0,mean_wip_parts,20.535779374263537,0.018328380037460203,20.517450994226078,20.554107754300997,50,0.95
S3 detection 0.90 false alarm 0.000,0.5,0.9,0.0,parts_scrapped,0.4,0.19042877284420479,0.20957122715579524,0.5904287728442048,50,0.95
S3 detection 0.90 false alarm 0.000,0.5,0.9,0.0,mean_quality,0.8076740196207416,0.00041232568491495836,0.8072616939358266,0.8080863453056566,50,0.95
S3 detection 0.90 false alarm 0.000,0.5,0.9,0.0,std_quality,0.06075424419064821,0.0003132660174022979,0.06044097817324591,0.06106751020805051,50,0.95
S3 detection 0.90 false alarm 0.000,0.5,0.9,0.0,failures_while_processing,0.4,0.19042877284420479,0.20957122715579524,0.5904287728442048,50,0.95
S3 detection 0.90 false alarm 0.000,0.5,0.9,0.0,failures_while_starved,0.0,0.0,0.0,0.0,50,0.95
S3 detection 0.90 false alarm 0.000,0.5,0.9,0.0,failures_while_blocked,0.0,0.0,0.0,0.0,50,0.95
S3 detection 0.90 false alarm 0.000,0.5,0.9,0.0,alarms_true,1707.8,3.748374276692373,1704.0516257233076,1711.5483742766924,50,0.95
S3 detection 0.90 false alarm 0.000,0.5,0.9,0.0,alarms_false,0.0,0.0,0.0,0.0,50,0.95
S3 detection 0.90 false alarm 0.000,0.5,0.9,0.0,availability_M1,0.9451974206349207,0.000336824111666721,0.944860596523254,0.9455342447465874,50,0.95
S3 detection 0.90 false alarm 0.000,0.5,0.9,0.0,repairs_M1,217.8,1.2566200443834505,216.54337995561656,219.05662004438346,50,0.95
S3 detection 0.90 false alarm 0.000,0.5,0.9,0.0,repairs_preventive_M1,217.8,1.2566200443834505,216.54337995561656,219.05662004438346,50,0.95
S3 detection 0.90 false alarm 0.000,0.5,0.9,0.0,share_processing_M1,0.8151828649610212,0.0009060331311227879,0.8142768318298984,0.816088898092144,50,0.95
S3 detection 0.90 false alarm 0.000,0.5,0.9,0.0,share_starved_M1,0.0,0.0,0.0,0.0,50,0.95
S3 detection 0.90 false alarm 0.000,0.5,0.9,0.0,share_blocked_M1,0.13001455567389938,0.00094851356577694,0.12906604210812245,0.13096306923967632,50,0.95
S3 detection 0.90 false alarm 0.000,0.5,0.9,0.0,share_awaiting_repair_M1,0.0,0.0,0.0,0.0,50,0.95
S3 detection 0.90 false alarm 0.000,0.5,0.9,0.0,share_under_repair_M1,0.05480257936507937,0.0003368241116667229,0.05446575525341264,0.05513940347674609,50,0.95
S3 detection 0.90 false alarm 0.000,0.5,0.9,0.0,availability_M2,0.945545634920635,0.00029726199208506167,0.94524837292855,0.94584289691272,50,0.95
S3 detection 0.90 false alarm 0.000,0.5,0.9,0.0,repairs_M2,216.46,1.1195615990573176,215.3404384009427,217.5795615990573,50,0.95
S3 detection 0.90 false alarm 0.000,0.5,0.9,0.0,repairs_preventive_M2,216.46,1.1195615990573176,215.3404384009427,217.5795615990573,50,0.95
S3 detection 0.90 false alarm 0.000,0.5,0.9,0.0,share_processing_M2,0.8151770848104474,0.0009109679062223993,0.814266116904225,0.8160880527166697,50,0.95
S3 detection 0.90 false alarm 0.000,0.5,0.9,0.0,share_starved_M2,0.0,0.0,0.0,0.0,50,0.95
S3 detection 0.90 false alarm 0.000,0.5,0.9,0.0,share_blocked_M2,0.13036855011018772,0.0009268177913912559,0.12944173231879647,0.13129536790157897,50,0.95
S3 detection 0.90 false alarm 0.000,0.5,0.9,0.0,share_awaiting_repair_M2,0.0,0.0,0.0,0.0,50,0.95
S3 detection 0.90 false alarm 0.000,0.5,0.9,0.0,share_under_repair_M2,0.05445436507936509,0.00029726199208506536,0.05415710308728002,0.054751627071450155,50,0.95
S3 detection 0.90 false alarm 0.000,0.5,0.9,0.0,availability_M3,0.8151675238597721,0.0009135299181619382,0.8142539939416101,0.816081053777934,50,0.95
S3 detection 0.90 false alarm 0.000,0.5,0.9,0.0,repairs_M3,622.18,2.9666522643073994,619.2133477356925,625.1466522643074,50,0.95
S3 detection 0.90 false alarm 0.000,0.5,0.9,0.0,repairs_preventive_M3,621.78,3.01711758586043,618.7628824141395,624.7971175858604,50,0.95
S3 detection 0.90 false alarm 0.000,0.5,0.9,0.0,share_processing_M3,0.8151675238597721,0.0009135299181619382,0.8142539939416101,0.816081053777934,50,0.95
S3 detection 0.90 false alarm 0.000,0.5,0.9,0.0,share_starved_M3,0.0,0.0,0.0,0.0,50,0.95
S3 detection 0.90 false alarm 0.000,0.5,0.9,0.0,share_blocked_M3,0.0,0.0,0.0,0.0,50,0.95
S3 detection 0.90 false alarm 0.000,0.5,0.9,0.0,share_awaiting_repair_M3,1.3487038658572674e-07,2.7103218910472394e-07,-1.361618025189972e-07,4.0590257569045067e-07,50,0.95
S3 detection 0.90 false alarm 0.000,0.5,0.9,0.0,share_under_repair_M3,0.18483234126984127,0.0009134624102534388,0.18391887885958783,0.18574580368009472,50,0.95
S3 detection 0.90 false alarm 0.000,0.5,0.9,0.0,availability_M4,0.9455347222222221,0.0003505341791821301,0.9451841880430399,0.9458852564014043,50,0.95
S3 detection 0.90 false alarm 0.000,0.5,0.9,0.0,repairs_M4,216.94,1.3915758845314883,215.54842411546852,218.33157588453147,50,0.95
S3 detection 0.90 false alarm 0.000,0.5,0.9,0.0,repairs_preventive_M4,216.94,1.3915758845314883,215.54842411546852,218.33157588453147,50,0.95
S3 detection 0.90 false alarm 0.000,0.5,0.9,0.0,share_processing_M4,0.8151385673576835,0.0009107521090137152,0.8142278152486698,0.8160493194666972,50,0.95
S3 detection 0.90 false alarm 0.000,0.5,0.9,0.0,share_starved_M4,0.13039615486453862,0.0010976991667434918,0.12929845569779513,0.1314938540312821,50,0.95
S3 detection 0.90 false alarm 0.000,0.5,0.9,0.0,share_blocked_M4,0.0,0.0,0.0,0.0,50,0.95
S3 detection 0.90 false alarm 0.000,0.5,0.9,0.0,share_awaiting_repair_M4,0.0,0.0,0.0,0.0,50,0.95
S3 detection 0.90 false alarm 0.000,0.5,0.9,0.0,share_under_repair_M4,0.05446527777777777,0.00035053417918213056,0.05411474359859564,0.054815811956959906,50,0.95
S3 detection 0.90 false alarm 0.000,0.5,0.9,0.0,availability_M5,0.9452251984126984,0.00031878700532566277,0.9449064114073727,0.945543985418024,50,0.95
S3 detection 0.90 false alarm 0.000,0.5,0.9,0.0,repairs_M5,217.82,1.2627569879438159,216.55724301205618,219.0827569879438,50,0.95
S3 detection 0.90 false alarm 0.000,0.5,0.9,0.0,repairs_preventive_M5,217.82,1.2627569879438159,216.55724301205618,219.0827569879438,50,0.95
S3 detection 0.90 false alarm 0.000,0.5,0.9,0.0,share_processing_M5,0.8151560976454714,0.0009153471232694649,0.8142407505222019,0.8160714447687408,50,0.95
S3 detection 0.90 false alarm 0.000,0.5,0.9,0.0,share_starved_M5,0.1300691007672271,0.0010139993635388542,0.12905510140368825,0.13108310013076596,50,0.95
S3 detection 0.90 false alarm 0.000,0.5,0.9,0.0,share_blocked_M5,0.0,0.0,0.0,0.0,50,0.95
S3 detection 0.90 false alarm 0.000,0.5,0.9,0.0,share_awaiting_repair_M5,0.0,0.0,0.0,0.0,50,0.95
S3 detection 0.90 false alarm 0.000,0.5,0.9,0.0,share_under_repair_M5,0.05477480158730158,0.00031878700532566337,0.054456014581975916,0.055093588592627245,50,0.95
S3 detection 0.90 false alarm 0.000,0.5,0.9,0.0,availability_M6,0.9453442460317462,0.0002696327486040159,0.9450746132831421,0.9456138787803502,50,0.95
S3 detection 0.90 false alarm 0.000,0.5,0.9,0.0,repairs_M6,217.06,1.0793831725573346,215.98061682744267,218.13938317255733,50,0.95
S3 detection 0.90 false alarm 0.000,0.5,0.9,0.0,repairs_preventive_M6,217.06,1.0793831725573346,215.98061682744267,218.13938317255733,50,0.95
S3 detection 0.90 false alarm 0.000,0.5,0.9,0.0,share_processing_M6,0.8151468339329138,0.0009167489405294496,0.8142300849923844,0.8160635828734432,50,0.95
S3 detection 0.90 false alarm 0.000,0.5,0.9,0.0,share_starved_M6,0.1301974120988322,0.0008786861287028867,0.1293187259701293,0.1310760982275351,50,0.95
S3 detection 0.90 false alarm 0.000,0.5,0.9,0.0,share_blocked_M6,0.0,0.0,0.0,0.0,50,0.95
S3 detection 0.90 false alarm 0.000,0.5,0.9,0.0,share_awaiting_repair_M6,0.0,0.0,0.0,0.0,50,0.95
S3 detection 0.90 false alarm 0.000,0.5,0.9,0.0,share_under_repair_M6,0.05465575396825397,0.0002696327486040168,0.054386121219649954,0.05492538671685799,50,0.95
S3 detection 0.90 false alarm 0.000,0.5,0.9,0.0,availability_mean,0.923669124346999,0.00018276164537417056,0.9234863627016249,0.9238518859923731,50,0.95
S3 detection 0.90 false alarm 0.000,0.5,0.9,0.0,repairs_mean,284.71000000000004,0.6008040052920869,284.10919599470793,285.31080400529214,50,0.95
S3 detection 0.90 false alarm 0.000,0.5,0.9,0.0,repairs_preventive_mean,284.6433333333333,0.608467496190872,284.03486583714243,285.2518008295242,50,0.95
S3 detection 0.90 false alarm 0.002,0.5,0.9,0.002,parts_produced,8189.92,7.670165301567915,8182.249834698432,8197.590165301568,50,0.95
S3 detection 0.90 false alarm 0.002,0.5,0.9,0.002,throughput_per_h,0.8124920634920635,0.0007609290973777666,0.8117311343946857,0.8132529925894413,50,0.95
S3 detection 0.90 false alarm 0.002,0.5,0.9,0.002,mean_lead_time_h,31.97083959802136,0.04451111784862262,31.92632848017274,32.015350715869985,50,0.95
S3 detection 0.90 false alarm 0.002,0.5,0.9,0.002,mean_wip_parts,20.564487712202382,0.020082251648643093,20.54440546055374,20.584569963851024,50,0.95
S3 detection 0.90 false alarm 0.002,0.5,0.9,0.002,parts_scrapped,0.58,0.2303107704836744,0.34968922951632553,0.8103107704836744,50,0.95
S3 detection 0.90 false alarm 0.002,0.5,0.9,0.002,mean_quality,0.811502913512467,0.0005842338399592397,0.8109186796725077,0.8120871473524262,50,0.95
S3 detection 0.90 false alarm 0.002,0.5,0.9,0.002,std_quality,0.060558396932983836,0.00030191101986729935,0.06025648591311654,0.060860307952851134,50,0.95
S3 detection 0.90 false alarm 0.002,0.5,0.9,0.002,failures_while_processing,0.58,0.2303107704836744,0.34968922951632553,0.8103107704836744,50,0.95
S3 detection 0.90 false alarm 0.002,0.5,0.9,0.002,failures_while_starved,0.0,0.0,0.0,0.0,50,0.95
S3 detection 0.90 false alarm 0.002,0.5,0.9,0.002,failures_while_blocked,0.0,0.0,0.0,0.0,50,0.95
S3 detection 0.90 false alarm 0.002,0.5,0.9,0.002,alarms_true,1656.86,4.342447936416088,1652.5175520635837,1661.202447936416,50,0.95
S3 detection 0.90 false alarm 0.002,0.5,0.9,0.002,alarms_false,109.38,3.5018801217388282,105.87811987826117,112.88188012173882,50,0.95
S3 detection 0.90 false alarm 0.002,0.5,0.9,0.002,availability_M1,0.9425634920634921,0.00037532379589682154,0.9421881682675953,0.9429388158593889,50,0.95
S3 detection 0.90 false alarm 0.002,0.5,0.9,0.002,repairs_M1,228.62,1.5351677459080693,227.08483225409194,230.15516774590807,50,0.95
S3 detection 0.90 false alarm 0.002,0.5,0.9,0.002,repairs_preventive_M1,228.62,1.5351677459080693,227.08483225409194,230.15516774590807,50,0.95
S3 detection 0.90 false alarm 0.002,0.5,0.9,0.002,share_processing_M1,0.8125564112183902,0.0007369364234996078,0.8118194747948906,0.8132933476418898,50,0.95
S3 detection 0.90 false alarm 0.002,0.5,0.9,0.002,share_starved_M1,0.0,0.0,0.0,0.0,50,0.95
S3 detection 0.90 false alarm 0.002,0.5,0.9,0.002,share_blocked_M1,0.13000708084510182,0.0008944327073688534,0.12911264813773296,0.13090151355247068,50,0.95
S3 detection 0.90 false alarm 0.002,0.5,0.9,0.002,share_awaiting_repair_M1,0.0,0.0,0.0,0.0,50,0.95
S3 detection 0.90 false alarm 0.002,0.5,0.9,0.002,share_under_repair_M1,0.05743650793650794,0.00037532379589682284,0.057061184140611114,0.05781183173240476,50,0.95
S3 detection 0.90 false alarm 0.002,0.5,0.9,0.002,availability_M2,0.9430555555555558,0.0003601951166817319,0.942695360438874,0.9434157506722375,50,0.95
S3 detection 0.90 false alarm 0.002,0.5,0.9,0.002,repairs_M2,226.36,1.3327046047526958,225.0272953952473,227.69270460475272,50,0.95
S3 detection 0.90 false alarm 0.002,0.5,0.9,0.002,repairs_preventive_M2,226.36,1.3327046047526958,225.0272953952473,227.69270460475272,50,0.95
S3 detection 0.90 false alarm 0.002,0.5,0.9,0.002,share_processing_M2,0.8125482675622518,0.0007401211330746042,0.8118081464291772,0.8132883886953265,50,0.95
S3 detection 0.90 false alarm 0.002,0.5,0.9,0.002,share_starved_M2,0.0,0.0,0.0,0.0,50,0.95
S3 detection 0.90 false alarm 0.002,0.5,0.9,0.002,share_blocked_M2,0.13050728799330358,0.0008121941781813325,0.12969509381512226,0.1313194821714849,50,0.95
S3 detection 0.90 false alarm 0.002,0.5,0.9,0.002,share_awaiting_repair_M2,0.0,0.0,0.0,0.0,50,0.95
S3 detection 0.90 false alarm 0.002,0.5,0.9,0.002,share_under_repair_M2,0.05694444444444444,0.0003601951166817326,0.05658424932776271,0.05730463956112618,50,0.95
S3 detection 0.90 false alarm 0.002,0.5,0.9,0.002,availability_M3,0.8125264240095236,0.0007497860615579706,0.8117766379479656,0.8132762100710815,50,0.95
S3 detection 0.90 false alarm 0.002,0.5,0.9,0.002,repairs_M3,630.62,3.1247889408275116,627.4952110591724,633.7447889408276,50,0.95
S3 detection 0.90 false alarm 0.002,0.5,0.9,0.002,repairs_preventive_M3,630.04,3.1802486187543817,626.8597513812456,633.2202486187543,50,0.95
S3 detection 0.90 false alarm 0.002,0.5,0.9,0.002,share_processing_M3,0.8125264240095236,0.0007497860615579706,0.8117766379479656,0.8132762100710815,50,0.95
S3 detection 0.90 false alarm 0.002,0.5,0.9,0.002,share_starved_M3,0.0,0.0,0.0,0.0,50,0.95
S3 detection 0.90 false alarm 0.002,0.5,0.9,0.002,share_blocked_M3,0.0,0.0,0.0,0.0,50,0.95
S3 detection 0.90 false alarm 0.002,0.5,0.9,0.002,share_awaiting_repair_M3,3.617047622688078e-07,7.268729334071144e-07,-3.6516817113830657e-07,1.0885776956759223e-06,50,0.95
S3 detection 0.90 false alarm 0.002,0.5,0.9,0.002,share_under_repair_M3,0.1874732142857143,0.0007496465811606712,0.18672356770455364,0.18822286086687498,50,0.95
S3 detection 0.90 false alarm 0.002,0.5,0.9,0.002,availability_M4,0.9429335317460317,0.00047810745601682735,0.9424554242900148,0.9434116392020485,50,0.95
S3 detection 0.90 false alarm 0.002,0.5,0.9,0.002,repairs_M4,227.52,1.8003875258903679,225.71961247410965,229.32038752589037,50,0.95
S3 detection 0.90 false alarm 0.002,0.5,0.9,0.002,repairs_preventive_M4,227.52,1.8003875258903679,225.71961247410965,229.32038752589037,50,0.95
S3 detection 0.90 false alarm 0.002,0.5,0.9,0.002,share_processing_M4,0.8125056981860704,0.0007424048313935658,0.8117632933546769,0.813248103017464,50,0.95
S3 detection 0.90 false alarm 0.002,0.5,0.9,0.002,share_starved_M4,0.1304278335599614,0.0009392070549318005,0.1294886265050296,0.1313670406148932,50,0.95
S3 detection 0.90 false alarm 0.002,0.5,0.9,0.002,share_blocked_M4,0.0,0.0,0.0,0.0,50,0.95
S3 detection 0.90 false alarm 0.002,0.5,0.9,0.002,share_awaiting_repair_M4,0.0,0.0,0.0,0.0,50,0.95
S3 detection 0.90 false alarm 0.002,0.5,0.9,0.002,share_under_repair_M4,0.057066468253968265,0.00047810745601682827,0.05658836079795144,0.05754457570998509,50,0.95
S3 detection 0.90 false alarm 0.002,0.5,0.9,0.002,availability_M5,0.942999007936508,0.0003533404573385608,0.9426456674791694,0.9433523483938466,50,0.95
S3 detection 0.90 false alarm 0.002,0.5,0.9,0.002,repairs_M5,226.98,1.4878392138256764,225.4921607861743,228.46783921382567,50,0.95
S3 detection 0.90 false alarm 0.002,0.5,0.9,0.002,repairs_preventive_M5,226.98,1.4878392138256764,225.4921607861743,228.46783921382567,50,0.95
S3 detection 0.90 false alarm 0.002,0.5,0.9,0.002,share_processing_M5,0.8125070388740809,0.0007539369219889457,0.8117531019520919,0.8132609757960699,50,0.95
S3 detection 0.90 false alarm 0.002,0.5,0.9,0.002,share_starved_M5,0.13049196906242705,0.0008076312639041025,0.12968433779852295,0.13129960032633115,50,0.95
S3 detection 0.90 false alarm 0.002,0.5,0.9,0.002,share_blocked_M5,0.0,0.0,0.0,0.0,50,0.95
S3 detection 0.90 false alarm 0.002,0.5,0.9,0.002,share_awaiting_repair_M5,0.0,0.0,0.0,0.0,50,0.95
S3 detection 0.90 false alarm 0.002,0.5,0.9,0.002,share_under_repair_M5,0.05700099206349206,0.00035334045733856145,0.056647651606153496,0.05735433252083062,50,0.95
S3 detection 0.90 false alarm 0.002,0.5,0.9,0.002,availability_M6,0.9430357142857142,0.000376059595225976,0.9426596546904882,0.9434117738809402,50,0.95
S3 detection 0.90 false alarm 0.002,0.5,0.9,0.002,repairs_M6,226.56,1.319529122384668,225.24047087761534,227.87952912238467,50,0.95
S3 detection 0.90 false alarm 0.002,0.5,0.9,0.002,repairs_preventive_M6,226.56,1.319529122384668,225.24047087761534,227.87952912238467,50,0.95
S3 detection 0.90 false alarm 0.002,0.5,0.9,0.002,share_processing_M6,0.8124902543250045,0.0007606100161831069,0.8117296443088214,0.8132508643411877,50,0.95
S3 detection 0.90 false alarm 0.002,0.5,0.9,0.002,share_starved_M6,0.13054545996070985,0.0008272666028452497,0.1297181933578646,0.1313727265635551,50,0.95
S3 detection 0.90 false alarm 0.002,0.5,0.9,0.002,share_blocked_M6,0.0,0.0,0.0,0.0,50,0.95
S3 detection 0.90 false alarm 0.002,0.5,0.9,0.002,share_awaiting_repair_M6,0.0,0.0,0.0,0.0,50,0.95
S3 detection 0.90 false alarm 0.002,0.5,0.9,0.002,share_under_repair_M6,0.05696428571428572,0.00037605959522597955,0.05658822611905974,0.057340345309511695,50,0.95
S3 detection 0.90 false alarm 0.002,0.5,0.9,0.002,availability_mean,0.9211856209328042,0.00018544574851534574,0.9210001751842889,0.9213710666813195,50,0.95
S3 detection 0.90 false alarm 0.002,0.5,0.9,0.002,repairs_mean,294.4433333333333,0.7233363198743593,293.71999701345896,295.1666696532077,50,0.95
S3 detection 0.90 false alarm 0.002,0.5,0.9,0.002,repairs_preventive_mean,294.3466666666667,0.7299041995963284,293.6167624670704,295.076570866263,50,0.95
S3 detection 0.90 false alarm 0.010,0.5,0.9,0.01,parts_produced,8120.08,10.38346349915045,8109.696536500849,8130.463463499151,50,0.95
S3 detection 0.90 false alarm 0.010,0.5,0.9,0.01,throughput_per_h,0.8055634920634921,0.0010301055058680965,0.804533386557624,0.8065935975693602,50,0.95
S3 detection 0.90 false alarm 0.010,0.5,0.9,0.01,mean_lead_time_h,32.36097619092078,0.048921737789258436,32.31205445313152,32.40989792871004,50,0.95
S3 detection 0.90 false alarm 0.010,0.5,0.9,0.01,mean_wip_parts,20.68027533208863,0.028348942135099413,20.65192638995353,20.70862427422373,50,0.95
S3 detection 0.90 false alarm 0.010,0.5,0.9,0.01,parts_scrapped,0.42,0.17310841015228606,0.24689158984771392,0.5931084101522861,50,0.95
S3 detection 0.90 false alarm 0.010,0.5,0.9,0.01,mean_quality,0.8240215256867254,0.0004879347013792782,0.8235335909853461,0.8245094603881047,50,0.95
S3 detection 0.90 false alarm 0.010,0.5,0.9,0.01,std_quality,0.060034788980941986,0.0003152693662100423,0.059719519614731945,0.06035005834715203,50,0.95
S3 detection 0.90 false alarm 0.010,0.5,0.9,0.01,failures_while_processing,0.42,0.17310841015228606,0.24689158984771392,0.5931084101522861,50,0.95
S3 detection 0.90 false alarm 0.010,0.5,0.9,0.01,failures_while_starved,0.0,0.0,0.0,0.0,50,0.95
S3 detection 0.90 false alarm 0.010,0.5,0.9,0.01,failures_while_blocked,0.0,0.0,0.0,0.0,50,0.95
S3 detection 0.90 false alarm 0.010,0.5,0.9,0.01,alarms_true,1470.5,3.9111720064501063,1466.5888279935498,1474.4111720064502,50,0.95
S3 detection 0.90 false alarm 0.010,0.5,0.9,0.01,alarms_false,546.14,6.105613628798895,540.0343863712011,552.2456136287989,50,0.95
S3 detection 0.90 false alarm 0.010,0.5,0.9,0.01,availability_M1,0.9323035714285713,0.0005636708663333164,0.931739900562238,0.9328672422949047,50,0.95
S3 detection 0.90 false alarm 0.010,0.5,0.9,0.01,repairs_M1,270.84,2.3154988431934047,268.5245011568066,273.15549884319336,50,0.95
S3 detection 0.90 false alarm 0.010,0.5,0.9,0.01,repairs_preventive_M1,270.84,2.3154988431934047,268.5245011568066,273.15549884319336,50,0.95
S3 detection 0.90 false alarm 0.010,0.5,0.9,0.01,share_processing_M1,0.8056103097070426,0.0010263994733077939,0.8045839102337348,0.8066367091803505,50,0.95
S3 detection 0.90 false alarm 0.010,0.5,0.9,0.01,share_starved_M1,0.0,0.0,0.0,0.0,50,0.95
S3 detection 0.90 false alarm 0.010,0.5,0.9,0.01,share_blocked_M1,0.12669326172152892,0.0012619813293859598,0.12543128039214296,0.12795524305091488,50,0.95
S3 detection 0.90 false alarm 0.010,0.5,0.9,0.01,share_awaiting_repair_M1,0.0,0.0,0.0,0.0,50,0.95
S3 detection 0.90 false alarm 0.010,0.5,0.9,0.01,share_under_repair_M1,0.06769642857142856,0.0005636708663333193,0.06713275770509525,0.06826009943776187,50,0.95
S3 detection 0.90 false alarm 0.010,0.5,0.9,0.01,availability_M2,0.9323373015873014,0.0005163110971997656,0.9318209904901017,0.9328536126845012,50,0.95
S3 detection 0.90 false alarm 0.010,0.5,0.9,0.01,repairs_M2,270.24,1.974457630077174,268.26554236992285,272.21445763007716,50,0.95
S3 detection 0.90 false alarm 0.010,0.5,0.9,0.01,repairs_preventive_M2,270.24,1.974457630077174,268.26554236992285,272.21445763007716,50,0.95
S3 detection 0.90 false alarm 0.010,0.5,0.9,0.01,share_processing_M2,0.8055557123362819,0.0010267484631840496,0.8045289638730978,0.8065824607994659,50,0.95
S3 detection 0.90 false alarm 0.010,0.5,0.9,0.01,share_starved_M2,0.0,0.0,0.0,0.0,50,0.95
S3 detection 0.90 false alarm 0.010,0.5,0.9,0.01,share_blocked_M2,0.12678158925101976,0.0011707366980780597,0.1256108525529417,0.12795232594909783,50,0.95
S3 detection 0.90 false alarm 0.010,0.5,0.9,0.01,share_awaiting_repair_M2,0.0,0.0,0.0,0.0,50,0.95
S3 detection 0.90 false alarm 0.010,0.5,0.9,0.01,share_under_repair_M2,0.06766269841269841,0.0005163110971997677,0.06714638731549864,0.06817900950989818,50,0.95
S3 detection 0.90 false alarm 0.010,0.5,0.9,0.01,availability_M3,0.8055108550049718,0.0010321754605642128,0.8044786795444075,0.806543030465536,50,0.95
S3 detection 0.90 false alarm 0.010,0.5,0.9,0.01,repairs_M3,667.14,3.0625142967435823,664.0774857032565,670.2025142967435,50,0.95
S3 detection 0.90 false alarm 0.010,0.5,0.9,0.01,repairs_preventive_M3,666.72,3.0973173514000907,663.6226826486,669.8173173514001,50,0.95
S3 detection 0.90 false alarm 0.010,0.5,0.9,0.01,share_processing_M3,0.8055108550049718,0.0010321754605642128,0.8044786795444075,0.806543030465536,50,0.95
S3 detection 0.90 false alarm 0.010,0.5,0.9,0.01,share_starved_M3,0.0,0.0,0.0,0.0,50,0.95
S3 detection 0.90 false alarm 0.010,0.5,0.9,0.01,share_blocked_M3,0.0,0.0,0.0,0.0,50,0.95
S3 detection 0.90 false alarm 0.010,0.5,0.9,0.01,share_awaiting_repair_M3,1.0497569329432946e-06,2.109565537447584e-06,-1.0598086045042894e-06,3.1593224703908786e-06,50,0.95
S3 detection 0.90 false alarm 0.010,0.5,0.9,0.01,share_under_repair_M3,0.19448809523809527,0.0010323640446014586,0.1934557311934938,0.19552045928269673,50,0.95
S3 detection 0.90 false alarm 0.010,0.5,0.9,0.01,availability_M4,0.9325446428571427,0.0005743810939802687,0.9319702617631624,0.9331190239511229,50,0.95
S3 detection 0.90 false alarm 0.010,0.5,0.9,0.01,repairs_M4,269.86,2.2728569885799814,267.58714301142004,272.13285698858,50,0.95
S3 detection 0.90 false alarm 0.010,0.5,0.9,0.01,repairs_preventive_M4,269.86,2.2728569885799814,267.58714301142004,272.13285698858,50,0.95
S3 detection 0.90 false alarm 0.010,0.5,0.9,0.01,share_processing_M4,0.8055142542507749,0.0010374682056515968,0.8044767860451233,0.8065517224564266,50,0.95
S3 detection 0.90 false alarm 0.010,0.5,0.9,0.01,share_starved_M4,0.12703038860636787,0.0012094141472724896,0.12582097445909537,0.12823980275364036,50,0.95
S3 detection 0.90 false alarm 0.010,0.5,0.9,0.01,share_blocked_M4,0.0,0.0,0.0,0.0,50,0.95
S3 detection 0.90 false alarm 0.010,0.5,0.9,0.01,share_awaiting_repair_M4,0.0,0.0,0.0,0.0,50,0.95
S3 detection 0.90 false alarm 0.010,0.5,0.9,0.01,share_under_repair_M4,0.06745535714285715,0.000574381093980271,0.06688097604887688,0.06802973823683742,50,0.95
S3 detection 0.90 false alarm 0.010,0.5,0.9,0.01,availability_M5,0.9324404761904761,0.0005886074250490256,0.931851868765427,0.9330290836155252,50,0.95
S3 detection 0.90 false alarm 0.010,0.5,0.9,0.01,repairs_M5,269.96,2.3929362833824546,267.5670637166175,272.35293628338246,50,0.95
S3 detection 0.90 false alarm 0.010,0.5,0.9,0.01,repairs_preventive_M5,269.96,2.3929362833824546,267.5670637166175,272.35293628338246,50,0.95
S3 detection 0.90 false alarm 0.010,0.5,0.9,0.01,share_processing_M5,0.805536237660861,0.0010318880028552337,0.8045043496580058,0.8065681256637163,50,0.95
S3 detection 0.90 false alarm 0.010,0.5,0.9,0.01,share_starved_M5,0.126904238529615,0.0011637441700669373,0.12574049435954807,0.12806798269968192,50,0.95
S3 detection 0.90 false alarm 0.010,0.5,0.9,0.01,share_blocked_M5,0.0,0.0,0.0,0.0,50,0.95
S3 detection 0.90 false alarm 0.010,0.5,0.9,0.01,share_awaiting_repair_M5,0.0,0.0,0.0,0.0,50,0.95
S3 detection 0.90 false alarm 0.010,0.5,0.9,0.01,share_under_repair_M5,0.06755952380952382,0.0005886074250490273,0.06697091638447479,0.06814813123457285,50,0.95
S3 detection 0.90 false alarm 0.010,0.5,0.9,0.01,availability_M6,0.9326855158730158,0.0004763244536078763,0.932209191419408,0.9331618403266237,50,0.95
S3 detection 0.90 false alarm 0.010,0.5,0.9,0.01,repairs_M6,269.06,1.888127931066756,267.1718720689332,270.9481279310668,50,0.95
S3 detection 0.90 false alarm 0.010,0.5,0.9,0.01,repairs_preventive_M6,269.06,1.888127931066756,267.1718720689332,270.9481279310668,50,0.95
S3 detection 0.90 false alarm 0.010,0.5,0.9,0.01,share_processing_M6,0.8055546936397147,0.00103173957676934,0.8045229540629453,0.806586433216484,50,0.95
S3 detection 0.90 false alarm 0.010,0.5,0.9,0.01,share_starved_M6,0.1271308222333012,0.00115087487569869,0.1259799473576025,0.12828169710899986,50,0.95
S3 detection 0.90 false alarm 0.010,0.5,0.9,0.01,share_blocked_M6,0.0,0.0,0.0,0.0,50,0.95
S3 detection 0.90 false alarm 0.010,0.5,0.9,0.01,share_awaiting_repair_M6,0.0,0.0,0.0,0.0,50,0.95
S3 detection 0.90 false alarm 0.010,0.5,0.9,0.01,share_under_repair_M6,0.06731448412698413,0.0004763244536078777,0.06683815967337625,0.067790808580592,50,0.95
S3 detection 0.90 false alarm 0.010,0.5,0.9,0.01,availability_mean,0.9113037271569132,0.00026031068900222136,0.911043416467911,0.9115640378459154,50,0.95
S3 detection 0.90 false alarm 0.010,0.5,0.9,0.01,repairs_mean,336.1833333333333,0.907038851920176,335.2762944814131,337.09037218525344,50,0.95
S3 detection 0.90 false alarm 0.010,0.5,0.9,0.01,repairs_preventive_mean,336.1133333333333,0.9127848926124759,335.2005484407208,337.02611822594577,50,0.95
S3 detection 0.90 false alarm 0.050,0.5,0.9,0.05,parts_produced,7705.32,11.518463915280478,7693.801536084719,7716.83846391528,50,0.95
S3 detection 0.90 false alarm 0.050,0.5,0.9,0.05,throughput_per_h,0.7644166666666666,0.0011427047535000551,0.7632739619131665,0.7655593714201667,50,0.95
S3 detection 0.90 false alarm 0.050,0.5,0.9,0.05,mean_lead_time_h,35.27783049601766,0.13566266972055413,35.142167826297104,35.41349316573821,50,0.95
S3 detection 0.90 false alarm 0.050,0.5,0.9,0.05,mean_wip_parts,21.6771152051097,0.1049739345716738,21.572141270538026,21.782089139681375,50,0.95
S3 detection 0.90 false alarm 0.050,0.5,0.9,0.05,parts_scrapped,0.26,0.13839624036918513,0.12160375963081488,0.39839624036918514,50,0.95
S3 detection 0.90 false alarm 0.050,0.5,0.9,0.05,mean_quality,0.8749626963031389,0.000612051318030809,0.8743506449851082,0.8755747476211697,50,0.95
S3 detection 0.90 false alarm 0.050,0.5,0.9,0.05,std_quality,0.054547136351751915,0.00025391850940269066,0.05429321784234922,0.05480105486115461,50,0.95
S3 detection 0.90 false alarm 0.050,0.5,0.9,0.05,failures_while_processing,0.26,0.13839624036918513,0.12160375963081488,0.39839624036918514,50,0.95
S3 detection 0.90 false alarm 0.050,0.5,0.9,0.05,failures_while_starved,0.0,0.0,0.0,0.0,50,0.95
S3 detection 0.90 false alarm 0.050,0.5,0.9,0.05,failures_while_blocked,0.0,0.0,0.0,0.0,50,0.95
S3 detection 0.90 false alarm 0.050,0.5,0.9,0.05,alarms_true,830.14,6.4247451819728205,823.7152548180271,836.5647451819729,50,0.95
S3 detection 0.90 false alarm 0.050,0.5,0.9,0.05,alarms_false,2616.44,14.950137257475543,2601.4898627425246,2631.3901372574755,50,0.95
S3 detection 0.90 false alarm 0.050,0.5,0.9,0.05,availability_M1,0.8702787698412697,0.0010894876512887457,0.8691892821899809,0.8713682574925585,50,0.95
S3 detection 0.90 false alarm 0.050,0.5,0.9,0.05,repairs_M1,522.0,4.430004500694735,517.5699954993053,526.4300045006947,50,0.95
S3 detection 0.90 false alarm 0.050,0.5,0.9,0.05,repairs_preventive_M1,522.0,4.430004500694735,517.5699954993053,526.4300045006947,50,0.95
S3 detection 0.90 false alarm 0.050,0.5,0.9,0.05,share_processing_M1,0.7643557570413273,0.001126202462231231,0.763229554579096,0.7654819595035586,50,0.95
S3 detection 0.90 false alarm 0.050,0.5,0.9,0.05,share_starved_M1,0.0,0.0,0.0,0.0,50,0.95
S3 detection 0.90 false alarm 0.050,0.5,0.9,0.05,share_blocked_M1,0.1059230127999426,0.0016341518828709468,0.10428886091707165,0.10755716468281354,50,0.95
S3 detection 0.90 false alarm 0.050,0.5,0.9,0.05,share_awaiting_repair_M1,0.0,0.0,0.0,0.0,50,0.95
S3 detection 0.90 false alarm 0.050,0.5,0.9,0.05,share_under_repair_M1,0.12972123015873016,0.001089487651288746,0.12863174250744142,0.1308107178100189,50,0.95
S3 detection 0.90 false alarm 0.050,0.5,0.9,0.05,availability_M2,0.8713224206349206,0.001273451824614814,0.8700489688103058,0.8725958724595354,50,0.95
S3 detection 0.90 false alarm 0.050,0.5,0.9,0.05,repairs_M2,517.8,5.090672101361217,512.7093278986388,522.8906721013611,50,0.95
S3 detection 0.90 false alarm 0.050,0.5,0.9,0.05,repairs_preventive_M2,517.8,5.090672101361217,512.7093278986388,522.8906721013611,50,0.95
S3 detection 0.90 false alarm 0.050,0.5,0.9,0.05,share_processing_M2,0.7643232260190191,0.0011345748908351205,0.763188651128184,0.7654578009098543,50,0.95
S3 detection 0.90 false alarm 0.050,0.5,0.9,0.05,share_starved_M2,0.0006008180681700008,0.00018264585406986634,0.0004181722141001345,0.0007834639222398671,50,0.95
S3 detection 0.90 false alarm 0.050,0.5,0.9,0.05,share_blocked_M2,0.10639837654773157,0.0016798257419327587,0.10471855080579881,0.10807820228966433,50,0.95
S3 detection 0.90 false alarm 0.050,0.5,0.9,0.05,share_awaiting_repair_M2,0.0,0.0,0.0,0.0,50,0.95
S3 detection 0.90 false alarm 0.050,0.5,0.9,0.05,share_under_repair_M2,0.12867757936507934,0.0012734518246148153,0.12740412754046454,0.12995103118969414,50,0.95
S3 detection 0.90 false alarm 0.050,0.5,0.9,0.05,availability_M3,0.764923611111111,0.0012105198223732881,0.7637130912887377,0.7661341309334843,50,0.95
S3 detection 0.90 false alarm 0.050,0.5,0.9,0.05,repairs_M3,850.14,4.352684637184017,845.787315362816,854.492684637184,50,0.95
S3 detection 0.90 false alarm 0.050,0.5,0.9,0.05,repairs_preventive_M3,849.88,4.377091025953633,845.5029089740464,854.2570910259536,50,0.95
S3 detection 0.90 false alarm 0.050,0.5,0.9,0.05,share_processing_M3,0.7643492707592112,0.0011548711276014136,0.7631943996316098,0.7655041418868126,50,0.95
S3 detection 0.90 false alarm 0.050,0.5,0.9,0.05,share_starved_M3,0.0002748298563713773,8.913271984415848e-05,0.0001856971365272188,0.00036396257621553574,50,0.95
S3 detection 0.90 false alarm 0.050,0.5,0.9,0.05,share_blocked_M3,0.0002995104955285634,0.00010234414534411812,0.00019716635018444527,0.0004018546408726815,50,0.95
S3 detection 0.90 false alarm 0.050,0.5,0.9,0.05,share_awaiting_repair_M3,0.0,0.0,0.0,0.0,50,0.95
S3 detection 0.90 false alarm 0.050,0.5,0.9,0.05,share_under_repair_M3,0.23507638888888885,0.001210519822373286,0.23386586906651557,0.23628690871126212,50,0.95
S3 detection 0.90 false alarm 0.050,0.5,0.9,0.05,availability_M4,0.8703174603174604,0.0010936055945892252,0.8692238547228711,0.8714110659120496,50,0.95
S3 detection 0.90 false alarm 0.050,0.5,0.9,0.05,repairs_M4,521.82,4.449195833190735,517.3708041668093,526.2691958331908,50,0.95
S3 detection 0.90 false alarm 0.050,0.5,0.9,0.05,repairs_preventive_M4,521.82,4.449195833190735,517.3708041668093,526.2691958331908,50,0.95
S3 detection 0.90 false alarm 0.050,0.5,0.9,0.05,share_processing_M4,0.7643517467328396,0.0011621832903037153,0.7631895634425359,0.7655139300231433,50,0.95
S3 detection 0.90 false alarm 0.050,0.5,0.9,0.05,share_starved_M4,0.10523149972255716,0.001558838820933199,0.10367266090162396,0.10679033854349036,50,0.95
S3 detection 0.90 false alarm 0.050,0.5,0.9,0.05,share_blocked_M4,0.0007342138620637674,0.00021308661802719225,0.0005211272440365752,0.0009473004800909597,50,0.95
S3 detection 0.90 false alarm 0.050,0.5,0.9,0.05,share_awaiting_repair_M4,0.0,0.0,0.0,0.0,50,0.95
S3 detection 0.90 false alarm 0.050,0.5,0.9,0.05,share_under_repair_M4,0.12968253968253968,0.0010936055945892273,0.12858893408795044,0.1307761452771289,50,0.95
S3 detection 0.90 false alarm 0.050,0.5,0.9,0.05,availability_M5,0.871092261904762,0.001287077541173507,0.8698051843635884,0.8723793394459355,50,0.95
S3 detection 0.90 false alarm 0.050,0.5,0.9,0.05,repairs_M5,518.46,5.065747024553127,513.3942529754469,523.5257470245532,50,0.95
S3 detection 0.90 false alarm 0.050,0.5,0.9,0.05,repairs_preventive_M5,518.46,5.065747024553127,513.3942529754469,523.5257470245532,50,0.95
S3 detection 0.90 false alarm 0.050,0.5,0.9,0.05,share_processing_M5,0.7643751914919648,0.0011640409757578678,0.7632111505162069,0.7655392324677226,50,0.95
S3 detection 0.90 false alarm 0.050,0.5,0.9,0.05,share_starved_M5,0.1061506890367657,0.0018478989142176716,0.10430279012254802,0.10799858795098337,50,0.95
S3 detection 0.90 false alarm 0.050,0.5,0.9,0.05,share_blocked_M5,0.0005663813760314706,0.00015294567643511786,0.0004134356995963528,0.0007193270524665884,50,0.95
S3 detection 0.90 false alarm 0.050,0.5,0.9,0.05,share_awaiting_repair_M5,0.0,0.0,0.0,0.0,50,0.95
S3 detection 0.90 false alarm 0.050,0.5,0.9,0.05,share_under_repair_M5,0.12890773809523806,0.001287077541173507,0.12762066055406454,0.13019481563641158,50,0.95
S3 detection 0.90 false alarm 0.050,0.5,0.9,0.05,availability_M6,0.8715466269841269,0.0011375650990056044,0.8704090618851212,0.8726841920831325,50,0.95
S3 detection 0.90 false alarm 0.050,0.5,0.9,0.05,repairs_M6,516.72,4.555132093078418,512.1648679069216,521.2751320930785,50,0.95
S3 detection 0.90 false alarm 0.050,0.5,0.9,0.05,repairs_preventive_M6,516.72,4.555132093078418,512.1648679069216,521.2751320930785,50,0.95
S3 detection 0.90 false alarm 0.050,0.5,0.9,0.05,share_processing_M6,0.7644070090078006,0.001145178089016185,0.7632618309187844,0.7655521870968167,50,0.95
S3 detection 0.90 false alarm 0.050,0.5,0.9,0.05,share_starved_M6,0.10713961797632646,0.001713798748232988,0.10542581922809346,0.10885341672455945,50,0.95
S3 detection 0.90 false alarm 0.050,0.5,0.9,0.05,share_blocked_M6,0.0,0.0,0.0,0.0,50,0.95
S3 detection 0.90 false alarm 0.050,0.5,0.9,0.05,share_awaiting_repair_M6,0.0,0.0,0.0,0.0,50,0.95
S3 detection 0.90 false alarm 0.050,0.5,0.9,0.05,share_under_repair_M6,0.12845337301587303,0.001137565099005602,0.12731580791686745,0.12959093811487862,50,0.95
S3 detection 0.90 false alarm 0.050,0.5,0.9,0.05,availability_mean,0.8532468584656085,0.00045602106239641315,0.8527908374032122,0.8537028795280049,50,0.95
S3 detection 0.90 false alarm 0.050,0.5,0.9,0.05,repairs_mean,574.49,1.8624338057276395,572.6275661942724,576.3524338057276,50,0.95
S3 detection 0.90 false alarm 0.050,0.5,0.9,0.05,repairs_preventive_mean,574.4466666666667,1.865578687605779,572.581087979061,576.3122453542725,50,0.95
S3 detection 0.75 false alarm 0.000,0.5,0.75,0.0,parts_produced,8173.02,11.02881248532854,8161.991187514672,8184.048812485329,50,0.95
S3 detection 0.75 false alarm 0.000,0.5,0.75,0.0,throughput_per_h,0.8108154761904762,0.0010941282227508431,0.8097213479677254,0.811909604413227,50,0.95
S3 detection 0.75 false alarm 0.000,0.5,0.75,0.0,mean_lead_time_h,32.02818451247675,0.05100364413073842,31.97718086834601,32.079188156607486,50,0.95
S3 detection 0.75 false alarm 0.000,0.5,0.75,0.0,mean_wip_parts,20.52170768661675,0.022877868297817794,20.49882981831893,20.54458555491457,50,0.95
S3 detection 0.75 false alarm 0.000,0.5,0.75,0.0,parts_scrapped,1.52,0.3310295271910744,1.1889704728089256,1.8510295271910744,50,0.95
S3 detection 0.75 false alarm 0.000,0.5,0.75,0.0,mean_quality,0.8066801528053857,0.00064603197420708,0.8060341208311786,0.8073261847795928,50,0.95
S3 detection 0.75 false alarm 0.000,0.5,0.75,0.0,std_quality,0.06150143134923502,0.0003462626775073097,0.06115516867172771,0.061847694026742325,50,0.95
S3 detection 0.75 false alarm 0.000,0.5,0.75,0.0,failures_while_processing,1.52,0.3310295271910744,1.1889704728089256,1.8510295271910744,50,0.95
S3 detection 0.75 false alarm 0.000,0.5,0.75,0.0,failures_while_starved,0.0,0.0,0.0,0.0,50,0.95
S3 detection 0.75 false alarm 0.000,0.5,0.75,0.0,failures_while_blocked,0.0,0.0,0.0,0.0,50,0.95
S3 detection 0.75 false alarm 0.000,0.5,0.75,0.0,alarms_true,1683.72,3.2677165810462605,1680.4522834189538,1686.9877165810462,50,0.95
S3 detection 0.75 false alarm 0.000,0.5,0.75,0.0,alarms_false,0.0,0.0,0.0,0.0,50,0.95
S3 detection 0.75 false alarm 0.000,0.5,0.75,0.0,availability_M1,0.9451349206349208,0.00040713828721761225,0.9447277823477032,0.9455420589221384,50,0.95
S3 detection 0.75 false alarm 0.000,0.5,0.75,0.0,repairs_M1,216.2,1.4238812922646606,214.77611870773532,217.62388129226466,50,0.95
S3 detection 0.75 false alarm 0.000,0.5,0.75,0.0,repairs_preventive_M1,216.2,1.4238812922646606,214.77611870773532,217.62388129226466,50,0.95
S3 detection 0.75 false alarm 0.000,0.5,0.75,0.0,share_processing_M1,0.8109239829270642,0.00105148045846157,0.8098725024686027,0.8119754633855258,50,0.95
S3 detection 0.75 false alarm 0.000,0.5,0.75,0.0,share_starved_M1,0.0,0.0,0.0,0.0,50,0.95
S3 detection 0.75 false alarm 0.000,0.5,0.75,0.0,share_blocked_M1,0.13421093770785636,0.001147767793962846,0.13306316991389353,0.1353587055018192,50,0.95
S3 detection 0.75 false alarm 0.000,0.5,0.75,0.0,share_awaiting_repair_M1,0.0,0.0,0.0,0.0,50,0.95
S3 detection 0.75 false alarm 0.000,0.5,0.75,0.0,share_under_repair_M1,0.05486507936507937,0.00040713828721761376,0.054457941077861755,0.05527221765229698,50,0.95
S3 detection 0.75 false alarm 0.000,0.5,0.75,0.0,availability_M2,0.9452767857142855,0.00030620429504268616,0.9449705814192428,0.9455829900093282,50,0.95
S3 detection 0.75 false alarm 0.000,0.5,0.75,0.0,repairs_M2,215.56,1.1121016619409665,214.44789833805905,216.67210166194096,50,0.95
S3 detection 0.75 false alarm 0.000,0.5,0.75,0.0,repairs_preventive_M2,215.56,1.1121016619409665,214.44789833805905,216.67210166194096,50,0.95
S3 detection 0.75 false alarm 0.000,0.5,0.75,0.0,share_processing_M2,0.8109221842612374,0.0010520178008270966,0.8098701664604103,0.8119742020620645,50,0.95
S3 detection 0.75 false alarm 0.000,0.5,0.75,0.0,share_starved_M2,0.0,0.0,0.0,0.0,50,0.95
S3 detection 0.75 false alarm 0.000,0.5,0.75,0.0,share_blocked_M2,0.13435460145304837,0.0011178406026026962,0.13323676085044567,0.13547244205565107,50,0.95
S3 detection 0.75 false alarm 0.000,0.5,0.75,0.0,share_awaiting_repair_M2,0.0,0.0,0.0,0.0,50,0.95
S3 detection 0.75 false alarm 0.000,0.5,0.75,0.0,share_under_repair_M2,0.05472321428571428,0.00030620429504268844,0.05441700999067159,0.05502941858075697,50,0.95
S3 detection 0.75 false alarm 0.000,0.5,0.75,0.0,availability_M3,0.8108730158730156,0.0010659500768690447,0.8098070657961466,0.8119389659498847,50,0.95
S3 detection 0.75 false alarm 0.000,0.5,0.75,0.0,repairs_M3,606.08,2.4741354256448918,603.6058645743551,608.554135425645,50,0.95
S3 detection 0.75 false alarm 0.000,0.5,0.75,0.0,repairs_preventive_M3,604.56,2.5159669702729297,602.044033029727,607.0759669702729,50,0.95
S3 detection 0.75 false alarm 0.000,0.5,0.75,0.0,share_processing_M3,0.8108730158730156,0.0010659500768690447,0.8098070657961466,0.8119389659498847,50,0.95
S3 detection 0.75 false alarm 0.000,0.5,0.75,0.0,share_starved_M3,0.0,0.0,0.0,0.0,50,0.95
S3 detection 0.75 false alarm 0.000,0.5,0.75,0.0,share_blocked_M3,0.0,0.0,0.0,0.0,50,0.95
S3 detection 0.75 false alarm 0.000,0.5,0.75,0.0,share_awaiting_repair_M3,0.0,0.0,0.0,0.0,50,0.95
S3 detection 0.75 false alarm 0.000,0.5,0.75,0.0,share_under_repair_M3,0.18912698412698412,0.0010659500768690437,0.18806103405011507,0.19019293420385316,50,0.95
S3 detection 0.75 false alarm 0.000,0.5,0.75,0.0,availability_M4,0.9453333333333331,0.0003642910463422326,0.9449690422869909,0.9456976243796754,50,0.95
S3 detection 0.75 false alarm 0.000,0.5,0.75,0.0,repairs_M4,215.52,1.3517150808623102,214.1682849191377,216.87171508086232,50,0.95
S3 detection 0.75 false alarm 0.000,0.5,0.75,0.0,repairs_preventive_M4,215.52,1.3517150808623102,214.1682849191377,216.87171508086232,50,0.95
S3 detection 0.75 false alarm 0.000,0.5,0.75,0.0,share_processing_M4,0.8107906201001928,0.0010884862490884823,0.8097021338511042,0.8118791063492813,50,0.95
S3 detection 0.75 false alarm 0.000,0.5,0.75,0.0,share_starved_M4,0.13454271323314057,0.001232902425149871,0.1333098108079907,0.13577561565829044,50,0.95
S3 detection 0.75 false alarm 0.000,0.5,0.75,0.0,share_blocked_M4,0.0,0.0,0.0,0.0,50,0.95
S3 detection 0.75 false alarm 0.000,0.5,0.75,0.0,share_awaiting_repair_M4,0.0,0.0,0.0,0.0,50,0.95
S3 detection 0.75 false alarm 0.000,0.5,0.75,0.0,share_under_repair_M4,0.05466666666666667,0.00036429104634223597,0.05430237562032443,0.05503095771300891,50,0.95
S3 detection 0.75 false alarm 0.000,0.5,0.75,0.0,availability_M5,0.945108134920635,0.00032682877293261015,0.9447813061477023,0.9454349636935676,50,0.95
S3 detection 0.75 false alarm 0.000,0.5,0.75,0.0,repairs_M5,216.4,1.276144052082222,215.12385594791778,217.67614405208224,50,0.95
S3 detection 0.75 false alarm 0.000,0.5,0.75,0.0,repairs_preventive_M5,216.4,1.276144052082222,215.12385594791778,217.67614405208224,50,0.95
S3 detection 0.75 false alarm 0.000,0.5,0.75,0.0,share_processing_M5,0.8108175987023795,0.0010939112494258072,0.8097236874529536,0.8119115099518053,50,0.95
S3 detection 0.75 false alarm 0.000,0.5,0.75,0.0,share_starved_M5,0.13429053621825557,0.001168291202415212,0.13312224501584036,0.13545882742067078,50,0.95
S3 detection 0.75 false alarm 0.000,0.5,0.75,0.0,share_blocked_M5,0.0,0.0,0.0,0.0,50,0.95
S3 detection 0.75 false alarm 0.000,0.5,0.75,0.0,share_awaiting_repair_M5,0.0,0.0,0.0,0.0,50,0.95
S3 detection 0.75 false alarm 0.000,0.5,0.75,0.0,share_under_repair_M5,0.05489186507936508,0.0003268287729326106,0.054565036306432474,0.05521869385229769,50,0.95
S3 detection 0.75 false alarm 0.000,0.5,0.75,0.0,availability_M6,0.9452053571428572,0.0003082414780757869,0.9448971156647815,0.945513598620933,50,0.95
S3 detection 0.75 false alarm 0.000,0.5,0.75,0.0,repairs_M6,215.48,1.107765271667233,214.37223472833276,216.58776527166722,50,0.95
S3 detection 0.75 false alarm 0.000,0.5,0.75,0.0,repairs_preventive_M6,215.48,1.107765271667233,214.37223472833276,216.58776527166722,50,0.95
S3 detection 0.75 false alarm 0.000,0.5,0.75,0.0,share_processing_M6,0.8108020496968869,0.0010935615283659446,0.8097084881685209,0.8118956112252528,50,0.95
S3 detection 0.75 false alarm 0.000,0.5,0.75,0.0,share_starved_M6,0.13440330744597032,0.001075137803125171,0.13332816964284513,0.1354784452490955,50,0.95
S3 detection 0.75 false alarm 0.000,0.5,0.75,0.0,share_blocked_M6,0.0,0.0,0.0,0.0,50,0.95
S3 detection 0.75 false alarm 0.000,0.5,0.75,0.0,share_awaiting_repair_M6,0.0,0.0,0.0,0.0,50,0.95
S3 detection 0.75 false alarm 0.000,0.5,0.75,0.0,share_under_repair_M6,0.05479464285714286,0.0003082414780757889,0.05448640137906707,0.05510288433521865,50,0.95
S3 detection 0.75 false alarm 0.000,0.5,0.75,0.0,availability_mean,0.9228219246031746,0.00019970432607659713,0.922622220277098,0.9230216289292512,50,0.95
S3 detection 0.75 false alarm 0.000,0.5,0.75,0.0,repairs_mean,280.87333333333333,0.526626933717517,280.3467063996158,281.39996026705086,50,0.95
S3 detection 0.75 false alarm 0.000,0.5,0.75,0.0,repairs_preventive_mean,280.62000000000006,0.5362318009422082,280.08376819905783,281.1562318009423,50,0.95
S3 detection 0.75 false alarm 0.002,0.5,0.75,0.002,parts_produced,8149.76,10.163286448156978,8139.596713551843,8159.923286448157,50,0.95
S3 detection 0.75 false alarm 0.002,0.5,0.75,0.002,throughput_per_h,0.8085079365079363,0.001008262544460014,0.8074996739634763,0.8095161990523962,50,0.95
S3 detection 0.75 false alarm 0.002,0.5,0.75,0.002,mean_lead_time_h,32.14356397020561,0.039026345750259636,32.104537624455354,32.18259031595587,50,0.95
S3 detection 0.75 false alarm 0.002,0.5,0.75,0.002,mean_wip_parts,20.530908799620658,0.021938189345775867,20.508970610274883,20.552846988966433,50,0.95
S3 detection 0.75 false alarm 0.002,0.5,0.75,0.002,parts_scrapped,1.62,0.31390568688997356,1.3060943131100267,1.9339056868899736,50,0.95
S3 detection 0.75 false alarm 0.002,0.5,0.75,0.002,mean_quality,0.8104463267757902,0.0006971813095331908,0.809749145466257,0.8111435080853234,50,0.95
S3 detection 0.75 false alarm 0.002,0.5,0.75,0.002,std_quality,0.06091769087390097,0.00028959402785865853,0.06062809684604231,0.061207284901759626,50,0.95
S3 detection 0.75 false alarm 0.002,0.5,0.75,0.002,failures_while_processing,1.62,0.31390568688997356,1.3060943131100267,1.9339056868899736,50,0.95
S3 detection 0.75 false alarm 0.002,0.5,0.75,0.002,failures_while_starved,0.0,0.0,0.0,0.0,50,0.95
S3 detection 0.75 false alarm 0.002,0.5,0.75,0.002,failures_while_blocked,0.0,0.0,0.0,0.0,50,0.95
S3 detection 0.75 false alarm 0.002,0.5,0.75,0.002,alarms_true,1636.74,3.907613435711705,1632.8323865642883,1640.6476134357117,50,0.95
S3 detection 0.75 false alarm 0.002,0.5,0.75,0.002,alarms_false,108.84,3.5115020649431714,105.32849793505683,112.35150206494318,50,0.95
S3 detection 0.75 false alarm 0.002,0.5,0.75,0.002,availability_M1,0.9423353174603174,0.00040344981511789723,0.9419318676451995,0.9427387672754353,50,0.95
S3 detection 0.75 false alarm 0.002,0.5,0.75,0.002,repairs_M1,227.72,1.4411868394006946,226.2788131605993,229.1611868394007,50,0.95
S3 detection 0.75 false alarm 0.002,0.5,0.75,0.002,repairs_preventive_M1,227.72,1.4411868394006946,226.2788131605993,229.1611868394007,50,0.95
S3 detection 0.75 false alarm 0.002,0.5,0.75,0.002,share_processing_M1,0.8086272294519005,0.0009857138877014508,0.807641515564199,0.8096129433396019,50,0.95
S3 detection 0.75 false alarm 0.002,0.5,0.75,0.002,share_starved_M1,0.0,0.0,0.0,0.0,50,0.95
S3 detection 0.75 false alarm 0.002,0.5,0.75,0.002,share_blocked_M1,0.13370808800841694,0.0011098805179476827,0.13259820749046924,0.13481796852636463,50,0.95
S3 detection 0.75 false alarm 0.002,0.5,0.75,0.002,share_awaiting_repair_M1,0.0,0.0,0.0,0.0,50,0.95
S3 detection 0.75 false alarm 0.002,0.5,0.75,0.002,share_under_repair_M1,0.05766468253968253,0.0004034498151178999,0.05726123272456463,0.05806813235480043,50,0.95
S3 detection 0.75 false alarm 0.002,0.5,0.75,0.002,availability_M2,0.9429623015873015,0.0003538867344798103,0.9426084148528218,0.9433161883217813,50,0.95
S3 detection 0.75 false alarm 0.002,0.5,0.75,0.002,repairs_M2,224.98,1.3149366563281448,223.66506334367185,226.29493665632813,50,0.95
S3 detection 0.75 false alarm 0.002,0.5,0.75,0.002,repairs_preventive_M2,224.98,1.3149366563281448,223.66506334367185,226.29493665632813,50,0.95
S3 detection 0.75 false alarm 0.002,0.5,0.75,0.002,share_processing_M2,0.8086195321088943,0.0009862324480059948,0.8076332996608883,0.8096057645569003,50,0.95
S3 detection 0.75 false alarm 0.002,0.5,0.75,0.002,share_starved_M2,0.0,0.0,0.0,0.0,50,0.95
S3 detection 0.75 false alarm 0.002,0.5,0.75,0.002,share_blocked_M2,0.13434276947840734,0.0009899212127719972,0.13335284826563534,0.13533269069117934,50,0.95
S3 detection 0.75 false alarm 0.002,0.5,0.75,0.002,share_awaiting_repair_M2,0.0,0.0,0.0,0.0,50,0.95
S3 detection 0.75 false alarm 0.002,0.5,0.75,0.002,share_under_repair_M2,0.057037698412698415,0.00035388673447981213,0.0566838116782186,0.05739158514717823,50,0.95
S3 detection 0.75 false alarm 0.002,0.5,0.75,0.002,availability_M3,0.8085615079365078,0.0009974679471839811,0.8075640399893238,0.8095589758836919,50,0.95
S3 detection 0.75 false alarm 0.002,0.5,0.75,0.002,repairs_M3,616.92,2.795679289019746,614.1243207109802,619.7156792890197,50,0.95
S3 detection 0.75 false alarm 0.002,0.5,0.75,0.002,repairs_preventive_M3,615.3,2.893269952215236,612.4067300477847,618.1932699522152,50,0.95
S3 detection 0.75 false alarm 0.002,0.5,0.75,0.002,share_processing_M3,0.8085615079365078,0.0009974679471839811,0.8075640399893238,0.8095589758836919,50,0.95
S3 detection 0.75 false alarm 0.002,0.5,0.75,0.002,share_starved_M3,0.0,0.0,0.0,0.0,50,0.95
S3 detection 0.75 false alarm 0.002,0.5,0.75,0.002,share_blocked_M3,0.0,0.0,0.0,0.0,50,0.95
S3 detection 0.75 false alarm 0.002,0.5,0.75,0.002,share_awaiting_repair_M3,0.0,0.0,0.0,0.0,50,0.95
S3 detection 0.75 false alarm 0.002,0.5,0.75,0.002,share_under_repair_M3,0.19143849206349206,0.0009974679471839829,0.1904410241163081,0.19243596001067603,50,0.95
S3 detection 0.75 false alarm 0.002,0.5,0.75,0.002,availability_M4,0.9428343253968255,0.0004760672466352362,0.9423582581501904,0.9433103926434607,50,0.95
S3 detection 0.75 false alarm 0.002,0.5,0.75,0.002,repairs_M4,226.02,1.8820771202325715,224.13792287976744,227.90207712023258,50,0.95
S3 detection 0.75 false alarm 0.002,0.5,0.75,0.002,repairs_preventive_M4,226.02,1.8820771202325715,224.13792287976744,227.90207712023258,50,0.95
S3 detection 0.75 false alarm 0.002,0.5,0.75,0.002,share_processing_M4,0.8084846548917636,0.001005851073921007,0.8074788038178425,0.8094905059656846,50,0.95
S3 detection 0.75 false alarm 0.002,0.5,0.75,0.002,share_starved_M4,0.13434967050506194,0.0012560034925733529,0.1330936670124886,0.1356056739976353,50,0.95
S3 detection 0.75 false alarm 0.002,0.5,0.75,0.002,share_blocked_M4,0.0,0.0,0.0,0.0,50,0.95
S3 detection 0.75 false alarm 0.002,0.5,0.75,0.002,share_awaiting_repair_M4,0.0,0.0,0.0,0.0,50,0.95
S3 detection 0.75 false alarm 0.002,0.5,0.75,0.002,share_under_repair_M4,0.05716567460317461,0.00047606724663523805,0.05668960735653937,0.057641741849809844,50,0.95
S3 detection 0.75 false alarm 0.002,0.5,0.75,0.002,availability_M5,0.942829365079365,0.0004180523207359186,0.9424113127586291,0.9432474174001009,50,0.95
S3 detection 0.75 false alarm 0.002,0.5,0.75,0.002,repairs_M5,226.48,1.5820702590754396,224.89792974092455,228.06207025907543,50,0.95
S3 detection 0.75 false alarm 0.002,0.5,0.75,0.002,repairs_preventive_M5,226.48,1.5820702590754396,224.89792974092455,228.06207025907543,50,0.95
S3 detection 0.75 false alarm 0.002,0.5,0.75,0.002,share_processing_M5,0.808493165855416,0.0010103304392534889,0.8074828354161625,0.8095034962946694,50,0.95
S3 detection 0.75 false alarm 0.002,0.5,0.75,0.002,share_starved_M5,0.13433619922394907,0.001127059003002499,0.13320914022094657,0.13546325822695157,50,0.95
S3 detection 0.75 false alarm 0.002,0.5,0.75,0.002,share_blocked_M5,0.0,0.0,0.0,0.0,50,0.95
S3 detection 0.75 false alarm 0.002,0.5,0.75,0.002,share_awaiting_repair_M5,0.0,0.0,0.0,0.0,50,0.95
S3 detection 0.75 false alarm 0.002,0.5,0.75,0.002,share_under_repair_M5,0.05717063492063493,0.000418052320735921,0.05675258259989901,0.057588687241370846,50,0.95
S3 detection 0.75 false alarm 0.002,0.5,0.75,0.002,availability_M6,0.9430813492063495,0.00033821257357996803,0.9427431366327694,0.9434195617799295,50,0.95
S3 detection 0.75 false alarm 0.002,0.5,0.75,0.002,repairs_M6,224.94,1.3009733128948726,223.63902668710512,226.24097331289488,50,0.95
S3 detection 0.75 false alarm 0.002,0.5,0.75,0.002,repairs_preventive_M6,224.94,1.3009733128948726,223.63902668710512,226.24097331289488,50,0.95
S3 detection 0.75 false alarm 0.002,0.5,0.75,0.002,share_processing_M6,0.8084959485605849,0.0010104426125252316,0.8074855059480597,0.8095063911731102,50,0.95
S3 detection 0.75 false alarm 0.002,0.5,0.75,0.002,share_starved_M6,0.13458540064576432,0.0010697922168032509,0.13351560842896107,0.13565519286256758,50,0.95
S3 detection 0.75 false alarm 0.002,0.5,0.75,0.002,share_blocked_M6,0.0,0.0,0.0,0.0,50,0.95
S3 detection 0.75 false alarm 0.002,0.5,0.75,0.002,share_awaiting_repair_M6,0.0,0.0,0.0,0.0,50,0.95
S3 detection 0.75 false alarm 0.002,0.5,0.75,0.002,share_under_repair_M6,0.05691865079365079,0.00033821257357996885,0.056580438220070826,0.05725686336723076,50,0.95
S3 detection 0.75 false alarm 0.002,0.5,0.75,0.002,availability_mean,0.9204340277777778,0.00020181875884707422,0.9202322090189308,0.9206358465366249,50,0.95
S3 detection 0.75 false alarm 0.002,0.5,0.75,0.002,repairs_mean,291.1766666666667,0.698003381083456,290.4786632855832,291.87467004775016,50,0.95
S3 detection 0.75 false alarm 0.002,0.5,0.75,0.002,repairs_preventive_mean,290.9066666666667,0.7174604232174103,290.1892062434493,291.6241270898841,50,0.95
S3 detection 0.75 false alarm 0.010,0.5,0.75,0.01,parts_produced,8079.14,10.494337563458533,8068.645662436542,8089.634337563459,50,0.95
S3 detection 0.75 false alarm 0.010,0.5,0.75,0.01,throughput_per_h,0.8015019841269843,0.0010411049170097797,0.8004608792099744,0.8025430890439941,50,0.95
S3 detection 0.75 false alarm 0.010,0.5,0.75,0.01,mean_lead_time_h,32.57626760681064,0.05583905237081332,32.520428554439825,32.63210665918145,50,0.95
S3 detection 0.75 false alarm 0.010,0.5,0.75,0.01,mean_wip_parts,20.688968613271705,0.0400496167264604,20.648918996545245,20.729018229998164,50,0.95
S3 detection 0.75 false alarm 0.010,0.5,0.75,0.01,parts_scrapped,1.34,0.32281111068899393,1.0171888893110062,1.662811110688994,50,0.95
S3 detection 0.75 false alarm 0.010,0.5,0.75,0.01,mean_quality,0.8225621942482617,0.000702421208739105,0.8218597730395226,0.8232646154570008,50,0.95
S3 detection 0.75 false alarm 0.010,0.5,0.75,0.01,std_quality,0.06070348521266261,0.0003254636398425057,0.06037802157282011,0.061028948852505115,50,0.95
S3 detection 0.75 false alarm 0.010,0.5,0.75,0.01,failures_while_processing,1.34,0.32281111068899393,1.0171888893110062,1.662811110688994,50,0.95
S3 detection 0.75 false alarm 0.010,0.5,0.75,0.01,failures_while_starved,0.0,0.0,0.0,0.0,50,0.95
S3 detection 0.75 false alarm 0.010,0.5,0.75,0.01,failures_while_blocked,0.0,0.0,0.0,0.0,50,0.95
S3 detection 0.75 false alarm 0.010,0.5,0.75,0.01,alarms_true,1453.42,4.5605748457254744,1448.8594251542745,1457.9805748457256,50,0.95
S3 detection 0.75 false alarm 0.010,0.5,0.75,0.01,alarms_false,543.0,6.298035985955241,536.7019640140447,549.2980359859553,50,0.95
S3 detection 0.75 false alarm 0.010,0.5,0.75,0.01,availability_M1,0.9320059523809525,0.0005760402027838934,0.9314299121781686,0.9325819925837364,50,0.95
S3 detection 0.75 false alarm 0.010,0.5,0.75,0.01,repairs_M1,270.54,2.3146800532092775,268.22531994679076,272.8546800532093,50,0.95
S3 detection 0.75 false alarm 0.010,0.5,0.75,0.01,repairs_preventive_M1,270.54,2.3146800532092775,268.22531994679076,272.8546800532093,50,0.95
S3 detection 0.75 false alarm 0.010,0.5,0.75,0.01,share_processing_M1,0.8015423138419848,0.001041777012386044,0.8005005368295988,0.8025840908543709,50,0.95
S3 detection 0.75 false alarm 0.010,0.5,0.75,0.01,share_starved_M1,0.0,0.0,0.0,0.0,50,0.95
S3 detection 0.75 false alarm 0.010,0.5,0.75,0.01,share_blocked_M1,0.13046363853896756,0.001220312814124207,0.12924332572484334,0.13168395135309177,50,0.95
S3 detection 0.75 false alarm 0.010,0.5,0.75,0.01,share_awaiting_repair_M1,0.0,0.0,0.0,0.0,50,0.95
S3 detection 0.75 false alarm 0.010,0.5,0.75,0.01,share_under_repair_M1,0.06799404761904762,0.0005760402027838987,0.06741800741626372,0.06857008782183152,50,0.95
S3 detection 0.75 false alarm 0.010,0.5,0.75,0.01,availability_M2,0.9321984126984125,0.00048348437054351623,0.9317149283278691,0.932681897068956,50,0.95
S3 detection 0.75 false alarm 0.010,0.5,0.75,0.01,repairs_M2,269.26,1.8218389649748823,267.43816103502513,271.08183896497485,50,0.95
S3 detection 0.75 false alarm 0.010,0.5,0.75,0.01,repairs_preventive_M2,269.26,1.8218389649748823,267.43816103502513,271.08183896497485,50,0.95
S3 detection 0.75 false alarm 0.010,0.5,0.75,0.01,share_processing_M2,0.8015063876849345,0.0010346855802044093,0.8004717021047302,0.8025410732651389,50,0.95
S3 detection 0.75 false alarm 0.010,0.5,0.75,0.01,share_starved_M2,0.0,0.0,0.0,0.0,50,0.95
S3 detection 0.75 false alarm 0.010,0.5,0.75,0.01,share_blocked_M2,0.13069202501347818,0.0010313676777762729,0.1296606573357019,0.13172339269125447,50,0.95
S3 detection 0.75 false alarm 0.010,0.5,0.75,0.01,share_awaiting_repair_M2,0.0,0.0,0.0,0.0,50,0.95
S3 detection 0.75 false alarm 0.010,0.5,0.75,0.01,share_under_repair_M2,0.06780158730158731,0.0004834843705435165,0.06731810293104379,0.06828507167213083,50,0.95
S3 detection 0.75 false alarm 0.010,0.5,0.75,0.01,availability_M3,0.8014352330111226,0.0010454899522747891,0.8003897430588478,0.8024807229633975,50,0.95
S3 detection 0.75 false alarm 0.010,0.5,0.75,0.01,repairs_M3,653.36,3.385992799360392,649.9740072006397,656.7459927993604,50,0.95
S3 detection 0.75 false alarm 0.010,0.5,0.75,0.01,repairs_preventive_M3,652.04,3.4716580680212465,648.5683419319787,655.5116580680212,50,0.95
S3 detection 0.75 false alarm 0.010,0.5,0.75,0.01,share_processing_M3,0.8014302726936624,0.0010451870266652734,0.8003850856669972,0.8024754597203276,50,0.95
S3 detection 0.75 false alarm 0.010,0.5,0.75,0.01,share_starved_M3,4.96031746031746e-06,9.968131136553765e-06,-5.007813676236304e-06,1.4928448596871225e-05,50,0.95
S3 detection 0.75 false alarm 0.010,0.5,0.75,0.01,share_blocked_M3,0.0,0.0,0.0,0.0,50,0.95
S3 detection 0.75 false alarm 0.010,0.5,0.75,0.01,share_awaiting_repair_M3,9.90995735618425e-07,1.991480490399461e-06,-1.000484754781036e-06,2.9824762260178857e-06,50,0.95
S3 detection 0.75 false alarm 0.010,0.5,0.75,0.01,share_under_repair_M3,0.1985637759931417,0.001045790441053502,0.19751798555208822,0.1996095664341952,50,0.95
S3 detection 0.75 false alarm 0.010,0.5,0.75,0.01,availability_M4,0.932531746031746,0.0005162209131444404,0.9320155251186016,0.9330479669448905,50,0.95
S3 detection 0.75 false alarm 0.010,0.5,0.75,0.01,repairs_M4,268.08,1.9477970347575844,266.1322029652424,270.02779703475755,50,0.95
S3 detection 0.75 false alarm 0.010,0.5,0.75,0.01,repairs_preventive_M4,268.08,1.9477970347575844,266.1322029652424,270.02779703475755,50,0.95
S3 detection 0.75 false alarm 0.010,0.5,0.75,0.01,share_processing_M4,0.8013813481543789,0.0010491884121241618,0.8003321597422547,0.8024305365665031,50,0.95
S3 detection 0.75 false alarm 0.010,0.5,0.75,0.01,share_starved_M4,0.1311503978773671,0.001237439479446946,0.12991295839792016,0.13238783735681403,50,0.95
S3 detection 0.75 false alarm 0.010,0.5,0.75,0.01,share_blocked_M4,0.0,0.0,0.0,0.0,50,0.95
S3 detection 0.75 false alarm 0.010,0.5,0.75,0.01,share_awaiting_repair_M4,0.0,0.0,0.0,0.0,50,0.95
S3 detection 0.75 false alarm 0.010,0.5,0.75,0.01,share_under_repair_M4,0.06746825396825398,0.0005162209131444438,0.06695203305510954,0.06798447488139843,50,0.95
S3 detection 0.75 false alarm 0.010,0.5,0.75,0.01,availability_M5,0.9323045634920635,0.000540870809716339,0.9317636926823472,0.9328454343017798,50,0.95
S3 detection 0.75 false alarm 0.010,0.5,0.75,0.01,repairs_M5,268.72,2.1636475392046495,266.5563524607954,270.8836475392047,50,0.95
S3 detection 0.75 false alarm 0.010,0.5,0.75,0.01,repairs_preventive_M5,268.72,2.1636475392046495,266.5563524607954,270.8836475392047,50,0.95
S3 detection 0.75 false alarm 0.010,0.5,0.75,0.01,share_processing_M5,0.8014324715902379,0.001046887973079075,0.8003855836171588,0.802479359563317,50,0.95
S3 detection 0.75 false alarm 0.010,0.5,0.75,0.01,share_starved_M5,0.13087209190182553,0.0011788914564473502,0.1296932004453782,0.13205098335827287,50,0.95
S3 detection 0.75 false alarm 0.010,0.5,0.75,0.01,share_blocked_M5,0.0,0.0,0.0,0.0,50,0.95
S3 detection 0.75 false alarm 0.010,0.5,0.75,0.01,share_awaiting_repair_M5,0.0,0.0,0.0,0.0,50,0.95
S3 detection 0.75 false alarm 0.010,0.5,0.75,0.01,share_under_repair_M5,0.06769543650793651,0.000540870809716343,0.06715456569822016,0.06823630731765286,50,0.95
S3 detection 0.75 false alarm 0.010,0.5,0.75,0.01,availability_M6,0.9326478174603174,0.0004786371638423865,0.9321691802964751,0.9331264546241598,50,0.95
S3 detection 0.75 false alarm 0.010,0.5,0.75,0.01,repairs_M6,267.7,1.919160992275355,265.78083900772464,269.61916099227534,50,0.95
S3 detection 0.75 false alarm 0.010,0.5,0.75,0.01,repairs_preventive_M6,267.7,1.919160992275355,265.78083900772464,269.61916099227534,50,0.95
S3 detection 0.75 false alarm 0.010,0.5,0.75,0.01,share_processing_M6,0.8014656612993194,0.0010441751963236432,0.8004214861029958,0.802509836495643,50,0.95
S3 detection 0.75 false alarm 0.010,0.5,0.75,0.01,share_starved_M6,0.1311821561609983,0.001195164860740854,0.12998699130025743,0.13237732102173916,50,0.95
S3 detection 0.75 false alarm 0.010,0.5,0.75,0.01,share_blocked_M6,0.0,0.0,0.0,0.0,50,0.95
S3 detection 0.75 false alarm 0.010,0.5,0.75,0.01,share_awaiting_repair_M6,0.0,0.0,0.0,0.0,50,0.95
S3 detection 0.75 false alarm 0.010,0.5,0.75,0.01,share_under_repair_M6,0.06735218253968255,0.00047863716384238624,0.06687354537584016,0.06783081970352493,50,0.95
S3 detection 0.75 false alarm 0.010,0.5,0.75,0.01,availability_mean,0.910520620845769,0.000257313545603353,0.9102633073001657,0.9107779343913723,50,0.95
S3 detection 0.75 false alarm 0.010,0.5,0.75,0.01,repairs_mean,332.9433333333334,0.9055919682831817,332.0377413650502,333.8489253016166,50,0.95
S3 detection 0.75 false alarm 0.010,0.5,0.75,0.01,repairs_preventive_mean,332.72333333333336,0.9145473750442418,331.8087859582891,333.6378807083776,50,0.95
S3 detection 0.75 false alarm 0.050,0.5,0.75,0.05,parts_produced,7678.92,12.110763656549175,7666.809236343451,7691.030763656549,50,0.95
S3 detection 0.75 false alarm 0.050,0.5,0.75,0.05,throughput_per_h,0.761797619047619,0.001201464648467184,0.7605961543991518,0.7629990836960862,50,0.95
S3 detection 0.75 false alarm 0.050,0.5,0.75,0.05,mean_lead_time_h,35.33566535992577,0.12232900511247598,35.21333635481329,35.457994365038246,50,0.95
S3 detection 0.75 false alarm 0.050,0.5,0.75,0.05,mean_wip_parts,21.58204789202809,0.08859135985582432,21.493456532172267,21.670639251883912,50,0.95
S3 detection 0.75 false alarm 0.050,0.5,0.75,0.05,parts_scrapped,1.0,0.263115161110102,0.736884838889898,1.2631151611101021,50,0.95
S3 detection 0.75 false alarm 0.050,0.5,0.75,0.05,mean_quality,0.8739826485008279,0.0005873462827844689,0.8733953022180434,0.8745699947836123,50,0.95
S3 detection 0.75 false alarm 0.050,0.5,0.75,0.05,std_quality,0.05527493243987253,0.0002860299880735034,0.05498890245179903,0.05556096242794604,50,0.95
S3 detection 0.75 false alarm 0.050,0.5,0.75,0.05,failures_while_processing,1.0,0.263115161110102,0.736884838889898,1.2631151611101021,50,0.95
S3 detection 0.75 false alarm 0.050,0.5,0.75,0.05,failures_while_starved,0.0,0.0,0.0,0.0,50,0.95
S3 detection 0.75 false alarm 0.050,0.5,0.75,0.05,failures_while_blocked,0.0,0.0,0.0,0.0,50,0.95
S3 detection 0.75 false alarm 0.050,0.5,0.75,0.05,alarms_true,823.22,5.663685355292513,817.5563146447075,828.8836853552925,50,0.95
S3 detection 0.75 false alarm 0.050,0.5,0.75,0.05,alarms_false,2606.02,14.084415435885589,2591.9355845641144,2620.1044154358856,50,0.95
S3 detection 0.75 false alarm 0.050,0.5,0.75,0.05,availability_M1,0.8704652777777778,0.001104620391367328,0.8693606573864106,0.8715698981691451,50,0.95
S3 detection 0.75 false alarm 0.050,0.5,0.75,0.05,repairs_M1,520.58,4.458596011873981,516.1214039881261,525.038596011874,50,0.95
S3 detection 0.75 false alarm 0.050,0.5,0.75,0.05,repairs_preventive_M1,520.58,4.458596011873981,516.1214039881261,525.038596011874,50,0.95
S3 detection 0.75 false alarm 0.050,0.5,0.75,0.05,share_processing_M1,0.7618115652528311,0.0011917125934577514,0.7606198526593734,0.7630032778462889,50,0.95
S3 detection 0.75 false alarm 0.050,0.5,0.75,0.05,share_starved_M1,0.0,0.0,0.0,0.0,50,0.95
S3 detection 0.75 false alarm 0.050,0.5,0.75,0.05,share_blocked_M1,0.1086537125249465,0.0017745166619926155,0.10687919586295389,0.11042822918693912,50,0.95
S3 detection 0.75 false alarm 0.050,0.5,0.75,0.05,share_awaiting_repair_M1,0.0,0.0,0.0,0.0,50,0.95
S3 detection 0.75 false alarm 0.050,0.5,0.75,0.05,share_under_repair_M1,0.1295347222222222,0.0011046203913673278,0.12843010183085488,0.13063934261358953,50,0.95
S3 detection 0.75 false alarm 0.050,0.5,0.75,0.05,availability_M2,0.8711636904761905,0.0012842552563749915,0.8698794352198155,0.8724479457325655,50,0.95
S3 detection 0.75 false alarm 0.050,0.5,0.75,0.05,repairs_M2,517.84,5.184154080219346,512.6558459197806,523.0241540802194,50,0.95
S3 detection 0.75 false alarm 0.050,0.5,0.75,0.05,repairs_preventive_M2,517.84,5.184154080219346,512.6558459197806,523.0241540802194,50,0.95
S3 detection 0.75 false alarm 0.050,0.5,0.75,0.05,share_processing_M2,0.7618131311251283,0.0012028046106984443,0.7606103265144298,0.7630159357358267,50,0.95
S3 detection 0.75 false alarm 0.050,0.5,0.75,0.05,share_starved_M2,0.0004913421758641416,0.00017626624578556707,0.00031507593007857454,0.0006676084216497086,50,0.95
S3 detection 0.75 false alarm 0.050,0.5,0.75,0.05,share_blocked_M2,0.108859217175198,0.0017191767539776574,0.10714004042122034,0.11057839392917566,50,0.95
S3 detection 0.75 false alarm 0.050,0.5,0.75,0.05,share_awaiting_repair_M2,0.0,0.0,0.0,0.0,50,0.95
S3 detection 0.75 false alarm 0.050,0.5,0.75,0.05,share_under_repair_M2,0.1288363095238095,0.0012842552563749928,0.12755205426743452,0.1301205647801845,50,0.95
S3 detection 0.75 false alarm 0.050,0.5,0.75,0.05,availability_M3,0.762428719897187,0.0012415083465828068,0.7611872115506042,0.7636702282437697,50,0.95
S3 detection 0.75 false alarm 0.050,0.5,0.75,0.05,repairs_M3,837.3,3.9684892729604133,833.3315107270396,841.2684892729603,50,0.95
S3 detection 0.75 false alarm 0.050,0.5,0.75,0.05,repairs_preventive_M3,836.3,3.9929198946921334,832.3070801053078,840.2929198946921,50,0.95
S3 detection 0.75 false alarm 0.050,0.5,0.75,0.05,share_processing_M3,0.7618270742617476,0.001202575607784966,0.7606244986539626,0.7630296498695325,50,0.95
S3 detection 0.75 false alarm 0.050,0.5,0.75,0.05,share_starved_M3,0.00030471121268459275,0.00011098642162398293,0.0001937247910606098,0.0004156976343085757,50,0.95
S3 detection 0.75 false alarm 0.050,0.5,0.75,0.05,share_blocked_M3,0.00029693442275483613,8.55755903183307e-05,0.00021135883243650545,0.0003825100130731668,50,0.95
S3 detection 0.75 false alarm 0.050,0.5,0.75,0.05,share_awaiting_repair_M3,1.8356583685646104e-06,2.71862793056953e-06,-8.829695620049198e-07,4.5542862991341405e-06,50,0.95
S3 detection 0.75 false alarm 0.050,0.5,0.75,0.05,share_under_repair_M3,0.23756944444444447,0.0012414405515932304,0.23632800389285125,0.2388108849960377,50,0.95
S3 detection 0.75 false alarm 0.050,0.5,0.75,0.05,availability_M4,0.8701984126984127,0.0010709832740392199,0.8691274294243735,0.8712693959724519,50,0.95
S3 detection 0.75 false alarm 0.050,0.5,0.75,0.05,repairs_M4,521.44,4.34136598738206,517.098634012618,525.7813659873821,50,0.95
S3 detection 0.75 false alarm 0.050,0.5,0.75,0.05,repairs_preventive_M4,521.44,4.34136598738206,517.098634012618,525.7813659873821,50,0.95
S3 detection 0.75 false alarm 0.050,0.5,0.75,0.05,share_processing_M4,0.7617843088845708,0.0012137219089588332,0.760570586975612,0.7629980307935297,50,0.95
S3 detection 0.75 false alarm 0.050,0.5,0.75,0.05,share_starved_M4,0.10782744672035849,0.0014796915532207238,0.10634775516713776,0.10930713827357921,50,0.95
S3 detection 0.75 false alarm 0.050,0.5,0.75,0.05,share_blocked_M4,0.000586657093483372,0.00015191480180034488,0.0004347422916830271,0.0007385718952837169,50,0.95
S3 detection 0.75 false alarm 0.050,0.5,0.75,0.05,share_awaiting_repair_M4,0.0,0.0,0.0,0.0,50,0.95
S3 detection 0.75 false alarm 0.050,0.5,0.75,0.05,share_under_repair_M4,0.1298015873015873,0.0010709832740392203,0.12873060402754807,0.13087257057562654,50,0.95
S3 detection 0.75 false alarm 0.050,0.5,0.75,0.05,availability_M5,0.8713343253968254,0.0012957107254782082,0.8700386146713472,0.8726300361223036,50,0.95
S3 detection 0.75 false alarm 0.050,0.5,0.75,0.05,repairs_M5,516.98,5.090506964299626,511.8894930357004,522.0705069642996,50,0.95
S3 detection 0.75 false alarm 0.050,0.5,0.75,0.05,repairs_preventive_M5,516.98,5.090506964299626,511.8894930357004,522.0705069642996,50,0.95
S3 detection 0.75 false alarm 0.050,0.5,0.75,0.05,share_processing_M5,0.76179832394822,0.001208193256054238,0.7605901306921657,0.7630065172042743,50,0.95
S3 detection 0.75 false alarm 0.050,0.5,0.75,0.05,share_starved_M5,0.10879079200632574,0.0017644548975824332,0.1070263371087433,0.11055524690390818,50,0.95
S3 detection 0.75 false alarm 0.050,0.5,0.75,0.05,share_blocked_M5,0.0007452094422796511,0.000201497616202453,0.0005437118260771981,0.0009467070584821041,50,0.95
S3 detection 0.75 false alarm 0.050,0.5,0.75,0.05,share_awaiting_repair_M5,0.0,0.0,0.0,0.0,50,0.95
S3 detection 0.75 false alarm 0.050,0.5,0.75,0.05,share_under_repair_M5,0.1286656746031746,0.0012957107254782097,0.1273699638776964,0.1299613853286528,50,0.95
S3 detection 0.75 false alarm 0.050,0.5,0.75,0.05,availability_M6,0.8715912698412697,0.001131058342206402,0.8704602114990633,0.8727223281834761,50,0.95
S3 detection 0.75 false alarm 0.050,0.5,0.75,0.05,repairs_M6,516.14,4.563436464779951,511.57656353522003,520.7034364647799,50,0.95
S3 detection 0.75 false alarm 0.050,0.5,0.75,0.05,repairs_preventive_M6,516.14,4.563436464779951,511.57656353522003,520.7034364647799,50,0.95
S3 detection 0.75 false alarm 0.050,0.5,0.75,0.05,share_processing_M6,0.7617874855106073,0.0012031012056303778,0.7605843843049769,0.7629905867162377,50,0.95
S3 detection 0.75 false alarm 0.050,0.5,0.75,0.05,share_starved_M6,0.10980378433066282,0.0017186170486467411,0.10808516728201607,0.11152240137930956,50,0.95
S3 detection 0.75 false alarm 0.050,0.5,0.75,0.05,share_blocked_M6,0.0,0.0,0.0,0.0,50,0.95
S3 detection 0.75 false alarm 0.050,0.5,0.75,0.05,share_awaiting_repair_M6,0.0,0.0,0.0,0.0,50,0.95
S3 detection 0.75 false alarm 0.050,0.5,0.75,0.05,share_under_repair_M6,0.1284087301587302,0.0011310583422064055,0.1272776718165238,0.1295397885009366,50,0.95
S3 detection 0.75 false alarm 0.050,0.5,0.75,0.05,availability_mean,0.8528636160146106,0.0004797336396892516,0.8523838823749214,0.8533433496542998,50,0.95
S3 detection 0.75 false alarm 0.050,0.5,0.75,0.05,repairs_mean,571.7133333333334,1.957312909762425,569.7560204235709,573.6706462430958,50,0.95
S3 detection 0.75 false alarm 0.050,0.5,0.75,0.05,repairs_preventive_mean,571.5466666666667,1.9628957945289822,569.5837708721377,573.5095624611957,50,0.95
S3 detection 0.50 false alarm 0.000,0.5,0.5,0.0,parts_produced,8029.84,13.719447874934541,8016.120552125066,8043.559447874934,50,0.95
S3 detection 0.50 false alarm 0.000,0.5,0.5,0.0,throughput_per_h,0.7966111111111113,0.0013610563367990691,0.7952500547743122,0.7979721674479103,50,0.95
S3 detection 0.50 false alarm 0.000,0.5,0.5,0.0,mean_lead_time_h,32.58697566698461,0.05922293882016317,32.527752728164444,32.64619860580477,50,0.95
S3 detection 0.50 false alarm 0.000,0.5,0.5,0.0,mean_wip_parts,20.50321672970723,0.024755662315528955,20.478461067391702,20.527972392022757,50,0.95
S3 detection 0.50 false alarm 0.000,0.5,0.5,0.0,parts_scrapped,8.0,0.8099584943273326,7.190041505672667,8.809958494327333,50,0.95
S3 detection 0.50 false alarm 0.000,0.5,0.5,0.0,mean_quality,0.8015914610729221,0.0004973931550713531,0.8010940679178508,0.8020888542279935,50,0.95
S3 detection 0.50 false alarm 0.000,0.5,0.5,0.0,std_quality,0.06339909740926612,0.00030233483566991735,0.0630967625735962,0.06370143224493605,50,0.95
S3 detection 0.50 false alarm 0.000,0.5,0.5,0.0,failures_while_processing,8.0,0.8099584943273326,7.190041505672667,8.809958494327333,50,0.95
S3 detection 0.50 false alarm 0.000,0.5,0.5,0.0,failures_while_starved,0.0,0.0,0.0,0.0,50,0.95
S3 detection 0.50 false alarm 0.000,0.5,0.5,0.0,failures_while_blocked,0.0,0.0,0.0,0.0,50,0.95
S3 detection 0.50 false alarm 0.000,0.5,0.5,0.0,alarms_true,1623.94,4.2458706625651645,1619.6941293374348,1628.1858706625653,50,0.95
S3 detection 0.50 false alarm 0.000,0.5,0.5,0.0,alarms_false,0.0,0.0,0.0,0.0,50,0.95
S3 detection 0.50 false alarm 0.000,0.5,0.5,0.0,availability_M1,0.9442450396825396,0.00042900076388604786,0.9438160389186535,0.9446740404464257,50,0.95
S3 detection 0.50 false alarm 0.000,0.5,0.5,0.0,repairs_M1,213.36,1.3872457174865391,211.97275428251348,214.74724571748655,50,0.95
S3 detection 0.50 false alarm 0.000,0.5,0.5,0.0,repairs_preventive_M1,213.36,1.3872457174865391,211.97275428251348,214.74724571748655,50,0.95
S3 detection 0.50 false alarm 0.000,0.5,0.5,0.0,share_processing_M1,0.7974697980668934,0.0012879667560017484,0.7961818313108917,0.7987577648228952,50,0.95
S3 detection 0.50 false alarm 0.000,0.5,0.5,0.0,share_starved_M1,0.0,0.0,0.0,0.0,50,0.95
S3 detection 0.50 false alarm 0.000,0.5,0.5,0.0,share_blocked_M1,0.1467752416156463,0.0014419688237685016,0.1453332727918778,0.14821721043941483,50,0.95
S3 detection 0.50 false alarm 0.000,0.5,0.5,0.0,share_awaiting_repair_M1,0.0,0.0,0.0,0.0,50,0.95
S3 detection 0.50 false alarm 0.000,0.5,0.5,0.0,share_under_repair_M1,0.05575496031746032,0.0004290007638860498,0.05532595955357427,0.05618396108134637,50,0.95
S3 detection 0.50 false alarm 0.000,0.5,0.5,0.0,availability_M2,0.9446676587301586,0.0003582786987107485,0.9443093800314478,0.9450259374288693,50,0.95
S3 detection 0.50 false alarm 0.000,0.5,0.5,0.0,repairs_M2,211.7,1.0434163538925716,210.6565836461074,212.74341635389257,50,0.95
S3 detection 0.50 false alarm 0.000,0.5,0.5,0.0,repairs_preventive_M2,211.7,1.0434163538925716,210.6565836461074,212.74341635389257,50,0.95
S3 detection 0.50 false alarm 0.000,0.5,0.5,0.0,share_processing_M2,0.7974318973936364,0.0012923627677845551,0.7961395346258519,0.798724260161421,50,0.95
S3 detection 0.50 false alarm 0.000,0.5,0.5,0.0,share_starved_M2,0.0,0.0,0.0,0.0,50,0.95
S3 detection 0.50 false alarm 0.000,0.5,0.5,0.0,share_blocked_M2,0.14723576133652252,0.0013583542816017172,0.1458774070549208,0.14859411561812425,50,0.95
S3 detection 0.50 false alarm 0.000,0.5,0.5,0.0,share_awaiting_repair_M2,0.0,0.0,0.0,0.0,50,0.95
S3 detection 0.50 false alarm 0.000,0.5,0.5,0.0,share_under_repair_M2,0.05533234126984128,0.0003582786987107505,0.05497406257113053,0.055690619968552034,50,0.95
S3 detection 0.50 false alarm 0.000,0.5,0.5,0.0,availability_M3,0.7970227938562742,0.0013190248354510987,0.7957037690208231,0.7983418186917253,50,0.95
S3 detection 0.50 false alarm 0.000,0.5,0.5,0.0,repairs_M3,569.32,2.574434130248658,566.7455658697514,571.8944341302487,50,0.95
S3 detection 0.50 false alarm 0.000,0.5,0.5,0.0,repairs_preventive_M3,561.36,3.024467616398554,558.3355323836015,564.3844676163985,50,0.95
S3 detection 0.50 false alarm 0.000,0.5,0.5,0.0,share_processing_M3,0.7970227938562742,0.0013190248354510987,0.7957037690208231,0.7983418186917253,50,0.95
S3 detection 0.50 false alarm 0.000,0.5,0.5,0.0,share_starved_M3,0.0,0.0,0.0,0.0,50,0.95
S3 detection 0.50 false alarm 0.000,0.5,0.5,0.0,share_blocked_M3,0.0,0.0,0.0,0.0,50,0.95
S3 detection 0.50 false alarm 0.000,0.5,0.5,0.0,share_awaiting_repair_M3,1.015667535338729e-06,2.0410603281727955e-06,-1.0253927928340664e-06,3.0567278635115247e-06,50,0.95
S3 detection 0.50 false alarm 0.000,0.5,0.5,0.0,share_under_repair_M3,0.20297619047619045,0.0013189980728331898,0.20165719240335725,0.20429518854902365,50,0.95
S3 detection 0.50 false alarm 0.000,0.5,0.5,0.0,availability_M4,0.9447867063492065,0.0004491441772801094,0.9443375621719263,0.9452358505264866,50,0.95
S3 detection 0.50 false alarm 0.000,0.5,0.5,0.0,repairs_M4,212.36,1.447714173162568,210.91228582683743,213.8077141731626,50,0.95
S3 detection 0.50 false alarm 0.000,0.5,0.5,0.0,repairs_preventive_M4,212.36,1.447714173162568,210.91228582683743,213.8077141731626,50,0.95
S3 detection 0.50 false alarm 0.000,0.5,0.5,0.0,share_processing_M4,0.7966296657389315,0.0013506121058084214,0.795279053633123,0.7979802778447399,50,0.95
S3 detection 0.50 false alarm 0.000,0.5,0.5,0.0,share_starved_M4,0.14815704061027488,0.0014571556903859918,0.1466998849198889,0.14961419630066086,50,0.95
S3 detection 0.50 false alarm 0.000,0.5,0.5,0.0,share_blocked_M4,0.0,0.0,0.0,0.0,50,0.95
S3 detection 0.50 false alarm 0.000,0.5,0.5,0.0,share_awaiting_repair_M4,0.0,0.0,0.0,0.0,50,0.95
S3 detection 0.50 false alarm 0.000,0.5,0.5,0.0,share_under_repair_M4,0.05521329365079366,0.0004491441772801107,0.054764149473513546,0.05566243782807377,50,0.95
S3 detection 0.50 false alarm 0.000,0.5,0.5,0.0,availability_M5,0.9444047619047619,0.00039137465183432225,0.9440133872529275,0.9447961365565962,50,0.95
S3 detection 0.50 false alarm 0.000,0.5,0.5,0.0,repairs_M5,212.6,1.3683915825558735,211.2316084174441,213.96839158255588,50,0.95
S3 detection 0.50 false alarm 0.000,0.5,0.5,0.0,repairs_preventive_M5,212.6,1.3683915825558735,211.2316084174441,213.96839158255588,50,0.95
S3 detection 0.50 false alarm 0.000,0.5,0.5,0.0,share_processing_M5,0.7966030127055472,0.0013469632809641433,0.7952560494245831,0.7979499759865114,50,0.95
S3 detection 0.50 false alarm 0.000,0.5,0.5,0.0,share_starved_M5,0.14777937724828727,0.0013606806690265854,0.14641869657926068,0.14914005791731386,50,0.95
S3 detection 0.50 false alarm 0.000,0.5,0.5,0.0,share_blocked_M5,2.2371950927195138e-05,3.1860736503900425e-05,-9.488785576705288e-06,5.423268743109556e-05,50,0.95
S3 detection 0.50 false alarm 0.000,0.5,0.5,0.0,share_awaiting_repair_M5,0.0,0.0,0.0,0.0,50,0.95
S3 detection 0.50 false alarm 0.000,0.5,0.5,0.0,share_under_repair_M5,0.05559523809523809,0.00039137465183432496,0.05520386344340377,0.055986612747072416,50,0.95
S3 detection 0.50 false alarm 0.000,0.5,0.5,0.0,availability_M6,0.9444027777777778,0.0003984948947509069,0.944004282883027,0.9448012726725287,50,0.95
S3 detection 0.50 false alarm 0.000,0.5,0.5,0.0,repairs_M6,212.42,1.149892240361689,211.2701077596383,213.56989224036167,50,0.95
S3 detection 0.50 false alarm 0.000,0.5,0.5,0.0,repairs_preventive_M6,212.38,1.1481708008770033,211.23182919912298,213.528170800877,50,0.95
S3 detection 0.50 false alarm 0.000,0.5,0.5,0.0,share_processing_M6,0.796595547931028,0.0013559019213864104,0.7952396460096416,0.7979514498524145,50,0.95
S3 detection 0.50 false alarm 0.000,0.5,0.5,0.0,share_starved_M6,0.14780722984674965,0.0013684765718227796,0.14643875327492686,0.14917570641857245,50,0.95
S3 detection 0.50 false alarm 0.000,0.5,0.5,0.0,share_blocked_M6,0.0,0.0,0.0,0.0,50,0.95
S3 detection 0.50 false alarm 0.000,0.5,0.5,0.0,share_awaiting_repair_M6,0.0,0.0,0.0,0.0,50,0.95
S3 detection 0.50 false alarm 0.000,0.5,0.5,0.0,share_under_repair_M6,0.05559722222222223,0.000398494894750907,0.055198727327471324,0.05599571711697313,50,0.95
S3 detection 0.50 false alarm 0.000,0.5,0.5,0.0,availability_mean,0.9199216230501199,0.00025423132257998475,0.91966739172754,0.9201758543726999,50,0.95
S3 detection 0.50 false alarm 0.000,0.5,0.5,0.0,repairs_mean,271.96,0.6495617982755539,271.3104382017244,272.60956179827554,50,0.95
S3 detection 0.50 false alarm 0.000,0.5,0.5,0.0,repairs_preventive_mean,270.62666666666667,0.7131332893054236,269.91353337736126,271.33979995597207,50,0.95
S3 detection 0.50 false alarm 0.002,0.5,0.5,0.002,parts_produced,8004.56,14.169203671375218,7990.390796328626,8018.729203671375,50,0.95
S3 detection 0.50 false alarm 0.002,0.5,0.5,0.002,throughput_per_h,0.7941031746031746,0.0014056749673983392,0.7926974996357763,0.7955088495705729,50,0.95
S3 detection 0.50 false alarm 0.002,0.5,0.5,0.002,mean_lead_time_h,32.703594860512965,0.06254888733039603,32.64104597318257,32.76614374784336,50,0.95
S3 detection 0.50 false alarm 0.002,0.5,0.5,0.002,mean_wip_parts,20.52081848542791,0.028951158945953525,20.491867326481955,20.549769644373864,50,0.95
S3 detection 0.50 false alarm 0.002,0.5,0.5,0.002,parts_scrapped,8.36,0.8033378032296181,7.5566621967703815,9.163337803229618,50,0.95
S3 detection 0.50 false alarm 0.002,0.5,0.5,0.002,mean_quality,0.8045162230875736,0.0004726481532887371,0.8040435749342849,0.8049888712408624,50,0.95
S3 detection 0.50 false alarm 0.002,0.5,0.5,0.002,std_quality,0.06326585586503165,0.00030050978340546785,0.06296534608162618,0.06356636564843712,50,0.95
S3 detection 0.50 false alarm 0.002,0.5,0.5,0.002,failures_while_processing,8.36,0.8033378032296181,7.5566621967703815,9.163337803229618,50,0.95
S3 detection 0.50 false alarm 0.002,0.5,0.5,0.002,failures_while_starved,0.02,0.04019150474258479,-0.020191504742584788,0.06019150474258479,50,0.95
S3 detection 0.50 false alarm 0.002,0.5,0.5,0.002,failures_while_blocked,0.0,0.0,0.0,0.0,50,0.95
S3 detection 0.50 false alarm 0.002,0.5,0.5,0.002,alarms_true,1575.86,3.924534109200785,1571.9354658907992,1579.7845341092006,50,0.95
S3 detection 0.50 false alarm 0.002,0.5,0.5,0.002,alarms_false,106.66,3.5785734711977595,103.08142652880224,110.23857347119775,50,0.95
S3 detection 0.50 false alarm 0.002,0.5,0.5,0.002,availability_M1,0.941796626984127,0.00043216929853220594,0.9413644576855948,0.9422287962826592,50,0.95
S3 detection 0.50 false alarm 0.002,0.5,0.5,0.002,repairs_M1,223.7,1.4067026659904673,222.2932973340095,225.10670266599047,50,0.95
S3 detection 0.50 false alarm 0.002,0.5,0.5,0.002,repairs_preventive_M1,223.7,1.4067026659904673,222.2932973340095,225.10670266599047,50,0.95
S3 detection 0.50 false alarm 0.002,0.5,0.5,0.002,share_processing_M1,0.7949693249054574,0.001364529626136046,0.7936047952793213,0.7963338545315934,50,0.95
S3 detection 0.50 false alarm 0.002,0.5,0.5,0.002,share_starved_M1,0.0,0.0,0.0,0.0,50,0.95
S3 detection 0.50 false alarm 0.002,0.5,0.5,0.002,share_blocked_M1,0.14682730207866976,0.0014813159355590788,0.14534598614311067,0.14830861801422884,50,0.95
S3 detection 0.50 false alarm 0.002,0.5,0.5,0.002,share_awaiting_repair_M1,0.0,0.0,0.0,0.0,50,0.95
S3 detection 0.50 false alarm 0.002,0.5,0.5,0.002,share_under_repair_M1,0.058203373015873014,0.0004321692985322055,0.057771203717340805,0.05863554231440522,50,0.95
S3 detection 0.50 false alarm 0.002,0.5,0.5,0.002,availability_M2,0.9418839285714286,0.0003754755861252544,0.9415084529853033,0.9422594041575538,50,0.95
S3 detection 0.50 false alarm 0.002,0.5,0.5,0.002,repairs_M2,222.3,1.2569479295930446,221.04305207040696,223.55694792959306,50,0.95
S3 detection 0.50 false alarm 0.002,0.5,0.5,0.002,repairs_preventive_M2,222.3,1.2569479295930446,221.04305207040696,223.55694792959306,50,0.95
S3 detection 0.50 false alarm 0.002,0.5,0.5,0.002,share_processing_M2,0.7949638008902403,0.0013566511524163662,0.793607149737824,0.7963204520426567,50,0.95
S3 detection 0.50 false alarm 0.002,0.5,0.5,0.002,share_starved_M2,0.0,0.0,0.0,0.0,50,0.95
S3 detection 0.50 false alarm 0.002,0.5,0.5,0.002,share_blocked_M2,0.14692012768118853,0.0014171667593206624,0.14550296092186787,0.1483372944405092,50,0.95
S3 detection 0.50 false alarm 0.002,0.5,0.5,0.002,share_awaiting_repair_M2,0.0,0.0,0.0,0.0,50,0.95
S3 detection 0.50 false alarm 0.002,0.5,0.5,0.002,share_under_repair_M2,0.058116071428571434,0.00037547558612525744,0.057740595842446174,0.05849154701469669,50,0.95
S3 detection 0.50 false alarm 0.002,0.5,0.5,0.002,availability_M3,0.7945406309453752,0.0013807298138149451,0.7931599011315602,0.7959213607591902,50,0.95
S3 detection 0.50 false alarm 0.002,0.5,0.5,0.002,repairs_M3,576.94,2.692708391867133,574.247291608133,579.6327083918671,50,0.95
S3 detection 0.50 false alarm 0.002,0.5,0.5,0.002,repairs_preventive_M3,568.56,3.0722675602359746,565.4877324397639,571.632267560236,50,0.95
S3 detection 0.50 false alarm 0.002,0.5,0.5,0.002,share_processing_M3,0.7945406309453752,0.0013807298138149451,0.7931599011315602,0.7959213607591902,50,0.95
S3 detection 0.50 false alarm 0.002,0.5,0.5,0.002,share_starved_M3,0.0,0.0,0.0,0.0,50,0.95
S3 detection 0.50 false alarm 0.002,0.5,0.5,0.002,share_blocked_M3,0.0,0.0,0.0,0.0,50,0.95
S3 detection 0.50 false alarm 0.002,0.5,0.5,0.002,share_awaiting_repair_M3,8.80506780334592e-07,1.7694446218847902e-06,-8.889378415501982e-07,2.649951402219382e-06,50,0.95
S3 detection 0.50 false alarm 0.002,0.5,0.5,0.002,share_under_repair_M3,0.20545848854784443,0.001380671436575232,0.2040778171112692,0.20683915998441965,50,0.95
S3 detection 0.50 false alarm 0.002,0.5,0.5,0.002,availability_M4,0.9421319444444444,0.0005030708920977026,0.9416288735523467,0.942635015336542,50,0.95
S3 detection 0.50 false alarm 0.002,0.5,0.5,0.002,repairs_M4,222.58,1.7482243882413384,220.83177561175867,224.32822438824135,50,0.95
S3 detection 0.50 false alarm 0.002,0.5,0.5,0.002,repairs_preventive_M4,222.58,1.7482243882413384,220.83177561175867,224.32822438824135,50,0.95
S3 detection 0.50 false alarm 0.002,0.5,0.5,0.002,share_processing_M4,0.7941259026557064,0.0014078030763153629,0.792718099579391,0.7955337057320218,50,0.95
S3 detection 0.50 false alarm 0.002,0.5,0.5,0.002,share_starved_M4,0.14800604178873802,0.0015771080223973418,0.14642893376634067,0.14958314981113538,50,0.95
S3 detection 0.50 false alarm 0.002,0.5,0.5,0.002,share_blocked_M4,0.0,0.0,0.0,0.0,50,0.95
S3 detection 0.50 false alarm 0.002,0.5,0.5,0.002,share_awaiting_repair_M4,0.0,0.0,0.0,0.0,50,0.95
S3 detection 0.50 false alarm 0.002,0.5,0.5,0.002,share_under_repair_M4,0.057868055555555555,0.0005030708920977043,0.05736498466345785,0.05837112644765326,50,0.95
S3 detection 0.50 false alarm 0.002,0.5,0.5,0.002,availability_M5,0.9419077380952382,0.00035825334136453327,0.9415494847538737,0.9422659914366027,50,0.95
S3 detection 0.50 false alarm 0.002,0.5,0.5,0.002,repairs_M5,222.96,1.3683433989053517,221.59165660109466,224.32834339890536,50,0.95
S3 detection 0.50 false alarm 0.002,0.5,0.5,0.002,repairs_preventive_M5,222.96,1.3683433989053517,221.59165660109466,224.32834339890536,50,0.95
S3 detection 0.50 false alarm 0.002,0.5,0.5,0.002,share_processing_M5,0.7941344683517554,0.0014119344505997137,0.7927225339011557,0.7955464028023551,50,0.95
S3 detection 0.50 false alarm 0.002,0.5,0.5,0.002,share_starved_M5,0.1477725899149661,0.0014665951855530614,0.14630599472941305,0.14923918510051917,50,0.95
S3 detection 0.50 false alarm 0.002,0.5,0.5,0.002,share_blocked_M5,6.798285166842972e-07,1.3661665526230653e-06,-6.863380359387681e-07,2.0459950693073626e-06,50,0.95
S3 detection 0.50 false alarm 0.002,0.5,0.5,0.002,share_awaiting_repair_M5,0.0,0.0,0.0,0.0,50,0.95
S3 detection 0.50 false alarm 0.002,0.5,0.5,0.002,share_under_repair_M5,0.05809226190476191,0.00035825334136453674,0.057734008563397374,0.05845051524612645,50,0.95
S3 detection 0.50 false alarm 0.002,0.5,0.5,0.002,availability_M6,0.9421408730158732,0.00033829554422739466,0.9418025774716459,0.9424791685601006,50,0.95
S3 detection 0.50 false alarm 0.002,0.5,0.5,0.002,repairs_M6,222.34,1.2691629974422622,221.07083700255774,223.60916299744227,50,0.95
S3 detection 0.50 false alarm 0.002,0.5,0.5,0.002,repairs_preventive_M6,222.32,1.2767122488508955,221.0432877511491,223.59671224885088,50,0.95
S3 detection 0.50 false alarm 0.002,0.5,0.5,0.002,share_processing_M6,0.7940913138619703,0.001404687118224561,0.7926866267437457,0.7954960009801949,50,0.95
S3 detection 0.50 false alarm 0.002,0.5,0.5,0.002,share_starved_M6,0.14804955915390278,0.0013778493734905803,0.1466717097804122,0.14942740852739336,50,0.95
S3 detection 0.50 false alarm 0.002,0.5,0.5,0.002,share_blocked_M6,0.0,0.0,0.0,0.0,50,0.95
S3 detection 0.50 false alarm 0.002,0.5,0.5,0.002,share_awaiting_repair_M6,0.0,0.0,0.0,0.0,50,0.95
S3 detection 0.50 false alarm 0.002,0.5,0.5,0.002,share_under_repair_M6,0.05785912698412699,0.00033829554422739585,0.0575208314398996,0.05819742252835439,50,0.95
S3 detection 0.50 false alarm 0.002,0.5,0.5,0.002,availability_mean,0.9174002903427475,0.0002664262951363206,0.9171338640476112,0.9176667166378838,50,0.95
S3 detection 0.50 false alarm 0.002,0.5,0.5,0.002,repairs_mean,281.80333333333334,0.711212898505857,281.0921204348275,282.5145462318392,50,0.95
S3 detection 0.50 false alarm 0.002,0.5,0.5,0.002,repairs_preventive_mean,280.4033333333333,0.7545942258021976,279.6487391075311,281.1579275591355,50,0.95
S3 detection 0.50 false alarm 0.010,0.5,0.5,0.01,parts_produced,7933.14,15.80319039711682,7917.3368096028835,7948.943190397117,50,0.95
S3 detection 0.50 false alarm 0.010,0.5,0.5,0.01,throughput_per_h,0.7870178571428572,0.001567776825110794,0.7854500803177464,0.788585633967968,50,0.95
S3 detection 0.50 false alarm 0.010,0.5,0.5,0.01,mean_lead_time_h,33.13350996541603,0.06775350547160729,33.065756459944424,33.20126347088764,50,0.95
S3 detection 0.50 false alarm 0.010,0.5,0.5,0.01,mean_wip_parts,20.624122430228425,0.030029841856734348,20.59409258837169,20.65415227208516,50,0.95
S3 detection 0.50 false alarm 0.010,0.5,0.5,0.01,parts_scrapped,8.66,0.7630339672192958,7.896966032780704,9.423033967219297,50,0.95
S3 detection 0.50 false alarm 0.010,0.5,0.5,0.01,mean_quality,0.8182268613944582,0.0005824658217195202,0.8176443955727387,0.8188093272161777,50,0.95
S3 detection 0.50 false alarm 0.010,0.5,0.5,0.01,std_quality,0.06306756975847913,0.00027268296552024335,0.06279488679295889,0.06334025272399937,50,0.95
S3 detection 0.50 false alarm 0.010,0.5,0.5,0.01,failures_while_processing,8.66,0.7630339672192958,7.896966032780704,9.423033967219297,50,0.95
S3 detection 0.50 false alarm 0.010,0.5,0.5,0.01,failures_while_starved,0.0,0.0,0.0,0.0,50,0.95
S3 detection 0.50 false alarm 0.010,0.5,0.5,0.01,failures_while_blocked,0.0,0.0,0.0,0.0,50,0.95
S3 detection 0.50 false alarm 0.010,0.5,0.5,0.01,alarms_true,1400.28,4.65357994704794,1395.626420052952,1404.933579947048,50,0.95
S3 detection 0.50 false alarm 0.010,0.5,0.5,0.01,alarms_false,532.64,6.370834110107479,526.2691658898925,539.0108341101075,50,0.95
S3 detection 0.50 false alarm 0.010,0.5,0.5,0.01,availability_M1,0.9315615079365079,0.0005815441452098414,0.9309799637912981,0.9321430520817178,50,0.95
S3 detection 0.50 false alarm 0.010,0.5,0.5,0.01,repairs_M1,266.08,2.256721565786267,263.8232784342137,268.33672156578626,50,0.95
S3 detection 0.50 false alarm 0.010,0.5,0.5,0.01,repairs_preventive_M1,266.06,2.2556768430354373,263.8043231569646,268.3156768430354,50,0.95
S3 detection 0.50 false alarm 0.010,0.5,0.5,0.01,share_processing_M1,0.7878714540090881,0.001527224556721467,0.7863442294523666,0.7893986785658096,50,0.95
S3 detection 0.50 false alarm 0.010,0.5,0.5,0.01,share_starved_M1,0.0,0.0,0.0,0.0,50,0.95
S3 detection 0.50 false alarm 0.010,0.5,0.5,0.01,share_blocked_M1,0.14369005392741976,0.001682995851814232,0.14200705807560554,0.145373049779234,50,0.95
S3 detection 0.50 false alarm 0.010,0.5,0.5,0.01,share_awaiting_repair_M1,0.0,0.0,0.0,0.0,50,0.95
S3 detection 0.50 false alarm 0.010,0.5,0.5,0.01,share_under_repair_M1,0.06843849206349206,0.000581544145209842,0.06785694791828221,0.06902003620870191,50,0.95
S3 detection 0.50 false alarm 0.010,0.5,0.5,0.01,availability_M2,0.9315406746031745,0.0005472162152096464,0.9309934583879648,0.9320878908183842,50,0.95
S3 detection 0.50 false alarm 0.010,0.5,0.5,0.01,repairs_M2,266.06,2.217352559633962,263.842647440366,268.277352559634,50,0.95
S3 detection 0.50 false alarm 0.010,0.5,0.5,0.01,repairs_preventive_M2,266.06,2.217352559633962,263.842647440366,268.277352559634,50,0.95
S3 detection 0.50 false alarm 0.010,0.5,0.5,0.01,share_processing_M2,0.7878476812138518,0.0015255910028553366,0.7863220902109965,0.7893732722167072,50,0.95
S3 detection 0.50 false alarm 0.010,0.5,0.5,0.01,share_starved_M2,1.6426258318423e-05,2.491801438301924e-05,-8.491756064596242e-06,4.134427270144224e-05,50,0.95
S3 detection 0.50 false alarm 0.010,0.5,0.5,0.01,share_blocked_M2,0.1436765671310043,0.0017217576437732916,0.141954809487231,0.1453983247747776,50,0.95
S3 detection 0.50 false alarm 0.010,0.5,0.5,0.01,share_awaiting_repair_M2,0.0,0.0,0.0,0.0,50,0.95
S3 detection 0.50 false alarm 0.010,0.5,0.5,0.01,share_under_repair_M2,0.0684593253968254,0.0005472162152096501,0.06791210918161575,0.06900654161203504,50,0.95
S3 detection 0.50 false alarm 0.010,0.5,0.5,0.01,availability_M3,0.7874067399731642,0.0015567652710012539,0.785849974702163,0.7889635052441655,50,0.95
S3 detection 0.50 false alarm 0.010,0.5,0.5,0.01,repairs_M3,612.64,3.4333684113440355,609.2066315886559,616.0733684113441,50,0.95
S3 detection 0.50 false alarm 0.010,0.5,0.5,0.01,repairs_preventive_M3,604.0,3.8331652576572335,600.1668347423428,607.8331652576572,50,0.95
S3 detection 0.50 false alarm 0.010,0.5,0.5,0.01,share_processing_M3,0.7874067399731642,0.0015567652710012539,0.785849974702163,0.7889635052441655,50,0.95
S3 detection 0.50 false alarm 0.010,0.5,0.5,0.01,share_starved_M3,0.0,0.0,0.0,0.0,50,0.95
S3 detection 0.50 false alarm 0.010,0.5,0.5,0.01,share_blocked_M3,0.0,0.0,0.0,0.0,50,0.95
S3 detection 0.50 false alarm 0.010,0.5,0.5,0.01,share_awaiting_repair_M3,8.320917333212457e-06,8.568166195450963e-06,-2.472488622385062e-07,1.6889083528663418e-05,50,0.95
S3 detection 0.50 false alarm 0.010,0.5,0.5,0.01,share_under_repair_M3,0.2125849391095025,0.001557968238501172,0.2110269708710013,0.21414290734800367,50,0.95
S3 detection 0.50 false alarm 0.010,0.5,0.5,0.01,availability_M4,0.9318253968253969,0.0005951989484011082,0.9312301978769958,0.932420595773798,50,0.95
S3 detection 0.50 false alarm 0.010,0.5,0.5,0.01,repairs_M4,265.96,2.323032361276481,263.6369676387235,268.28303236127647,50,0.95
S3 detection 0.50 false alarm 0.010,0.5,0.5,0.01,repairs_preventive_M4,265.96,2.323032361276481,263.6369676387235,268.28303236127647,50,0.95
S3 detection 0.50 false alarm 0.010,0.5,0.5,0.01,share_processing_M4,0.7869849086737041,0.0015745051382732344,0.7854104035354308,0.7885594138119774,50,0.95
S3 detection 0.50 false alarm 0.010,0.5,0.5,0.01,share_starved_M4,0.1448341509509732,0.0016198972656101557,0.14321425368536306,0.14645404821658337,50,0.95
S3 detection 0.50 false alarm 0.010,0.5,0.5,0.01,share_blocked_M4,6.337200719648146e-06,1.273508163892251e-05,-6.397880919274363e-06,1.9072282358570657e-05,50,0.95
S3 detection 0.50 false alarm 0.010,0.5,0.5,0.01,share_awaiting_repair_M4,0.0,0.0,0.0,0.0,50,0.95
S3 detection 0.50 false alarm 0.010,0.5,0.5,0.01,share_under_repair_M4,0.06817460317460317,0.0005951989484011096,0.06757940422620205,0.06876980212300428,50,0.95
S3 detection 0.50 false alarm 0.010,0.5,0.5,0.01,availability_M5,0.9316676587301589,0.0006708992806621595,0.9309967594494968,0.932338558010821,50,0.95
S3 detection 0.50 false alarm 0.010,0.5,0.5,0.01,repairs_M5,266.8,2.5600262364347337,264.2399737635653,269.36002623643475,50,0.95
S3 detection 0.50 false alarm 0.010,0.5,0.5,0.01,repairs_preventive_M5,266.8,2.5600262364347337,264.2399737635653,269.36002623643475,50,0.95
S3 detection 0.50 false alarm 0.010,0.5,0.5,0.01,share_processing_M5,0.7869967301989523,0.001564632242201819,0.7854320979567505,0.7885613624411542,50,0.95
S3 detection 0.50 false alarm 0.010,0.5,0.5,0.01,share_starved_M5,0.14467092853120642,0.001827190940424023,0.1428437375907824,0.14649811947163044,50,0.95
S3 detection 0.50 false alarm 0.010,0.5,0.5,0.01,share_blocked_M5,0.0,0.0,0.0,0.0,50,0.95
S3 detection 0.50 false alarm 0.010,0.5,0.5,0.01,share_awaiting_repair_M5,0.0,0.0,0.0,0.0,50,0.95
S3 detection 0.50 false alarm 0.010,0.5,0.5,0.01,share_under_repair_M5,0.06833234126984127,0.0006708992806621612,0.0676614419891791,0.06900324055050343,50,0.95
S3 detection 0.50 false alarm 0.010,0.5,0.5,0.01,availability_M6,0.9323035714285715,0.0004749273057491048,0.9318286441228224,0.9327784987343205,50,0.95
S3 detection 0.50 false alarm 0.010,0.5,0.5,0.01,repairs_M6,263.96,1.801961563492417,262.1580384365076,265.7619615634924,50,0.95
S3 detection 0.50 false alarm 0.010,0.5,0.5,0.01,repairs_preventive_M6,263.96,1.801961563492417,262.1580384365076,265.7619615634924,50,0.95
S3 detection 0.50 false alarm 0.010,0.5,0.5,0.01,share_processing_M6,0.787006574776154,0.001565677732631903,0.785440897043522,0.7885722525087859,50,0.95
S3 detection 0.50 false alarm 0.010,0.5,0.5,0.01,share_starved_M6,0.14529699665241755,0.0016593831734699612,0.14363761347894757,0.14695637982588752,50,0.95
S3 detection 0.50 false alarm 0.010,0.5,0.5,0.01,share_blocked_M6,0.0,0.0,0.0,0.0,50,0.95
S3 detection 0.50 false alarm 0.010,0.5,0.5,0.01,share_awaiting_repair_M6,0.0,0.0,0.0,0.0,50,0.95
S3 detection 0.50 false alarm 0.010,0.5,0.5,0.01,share_under_repair_M6,0.06769642857142857,0.0004749273057491054,0.06722150126567947,0.06817135587717768,50,0.95
S3 detection 0.50 false alarm 0.010,0.5,0.5,0.01,availability_mean,0.9077175915828289,0.00033335766588529585,0.9073842339169437,0.9080509492487142,50,0.95
S3 detection 0.50 false alarm 0.010,0.5,0.5,0.01,repairs_mean,323.58333333333337,1.046844456556564,322.5364888767768,324.63017778988996,50,0.95
S3 detection 0.50 false alarm 0.010,0.5,0.5,0.01,repairs_preventive_mean,322.14,1.0860478909272049,321.0539521090728,323.2260478909272,50,0.95
S3 detection 0.50 false alarm 0.050,0.5,0.5,0.05,parts_produced,7581.96,11.157855703415073,7570.802144296585,7593.117855703415,50,0.95
S3 detection 0.50 false alarm 0.050,0.5,0.5,0.05,throughput_per_h,0.7521785714285716,0.001106930129307047,0.7510716412992645,0.7532855015578787,50,0.95
S3 detection 0.50 false alarm 0.050,0.5,0.5,0.05,mean_lead_time_h,35.740162807770865,0.12536876401121475,35.61479404375965,35.86553157178208,50,0.95
S3 detection 0.50 false alarm 0.050,0.5,0.5,0.05,mean_wip_parts,21.45476882720508,0.08627971654161391,21.368489110663464,21.541048543746694,50,0.95
S3 detection 0.50 false alarm 0.050,0.5,0.5,0.05,parts_scrapped,6.28,0.5508388097158116,5.729161190284189,6.830838809715812,50,0.95
S3 detection 0.50 false alarm 0.050,0.5,0.5,0.05,mean_quality,0.8716768551680165,0.0005053273344849611,0.8711715278335316,0.8721821825025015,50,0.95
S3 detection 0.50 false alarm 0.050,0.5,0.5,0.05,std_quality,0.05716427913824099,0.0002594679824987967,0.056904811155742197,0.05742374712073979,50,0.95
S3 detection 0.50 false alarm 0.050,0.5,0.5,0.05,failures_while_processing,6.28,0.5508388097158116,5.729161190284189,6.830838809715812,50,0.95
S3 detection 0.50 false alarm 0.050,0.5,0.5,0.05,failures_while_starved,0.0,0.0,0.0,0.0,50,0.95
S3 detection 0.50 false alarm 0.050,0.5,0.5,0.05,failures_while_blocked,0.0,0.0,0.0,0.0,50,0.95
S3 detection 0.50 false alarm 0.050,0.5,0.5,0.05,alarms_true,792.16,5.616360542850477,786.5436394571495,797.7763605428504,50,0.95
S3 detection 0.50 false alarm 0.050,0.5,0.5,0.05,alarms_false,2581.72,14.164186572486516,2567.5558134275134,2595.884186572486,50,0.95
S3 detection 0.50 false alarm 0.050,0.5,0.5,0.05,availability_M1,0.8706011904761902,0.0012077171303184837,0.8693934733458717,0.8718089076065088,50,0.95
S3 detection 0.50 false alarm 0.050,0.5,0.5,0.05,repairs_M1,517.52,4.738939848280108,512.7810601517199,522.2589398482801,50,0.95
S3 detection 0.50 false alarm 0.050,0.5,0.5,0.05,repairs_preventive_M1,517.52,4.738939848280108,512.7810601517199,522.2589398482801,50,0.95
S3 detection 0.50 false alarm 0.050,0.5,0.5,0.05,share_processing_M1,0.7526257934890789,0.001085108651789824,0.7515406848372891,0.7537109021408687,50,0.95
S3 detection 0.50 false alarm 0.050,0.5,0.5,0.05,share_starved_M1,0.0,0.0,0.0,0.0,50,0.95
S3 detection 0.50 false alarm 0.050,0.5,0.5,0.05,share_blocked_M1,0.11797539698711153,0.001698661957858089,0.11627673502925344,0.11967405894496962,50,0.95
S3 detection 0.50 false alarm 0.050,0.5,0.5,0.05,share_awaiting_repair_M1,0.0,0.0,0.0,0.0,50,0.95
S3 detection 0.50 false alarm 0.050,0.5,0.5,0.05,share_under_repair_M1,0.12939880952380953,0.0012077171303184842,0.12819109239349105,0.130606526654128,50,0.95
S3 detection 0.50 false alarm 0.050,0.5,0.5,0.05,availability_M2,0.8712619047619047,0.0012821950714570183,0.8699797096904477,0.8725440998333617,50,0.95
S3 detection 0.50 false alarm 0.050,0.5,0.5,0.05,repairs_M2,515.72,5.1805535884567995,510.5394464115432,520.9005535884568,50,0.95
S3 detection 0.50 false alarm 0.050,0.5,0.5,0.05,repairs_preventive_M2,515.72,5.1805535884567995,510.5394464115432,520.9005535884568,50,0.95
S3 detection 0.50 false alarm 0.050,0.5,0.5,0.05,share_processing_M2,0.7526361497545835,0.0010966915567021149,0.7515394581978814,0.7537328413112856,50,0.95
S3 detection 0.50 false alarm 0.050,0.5,0.5,0.05,share_starved_M2,0.0005987838681715154,0.00017988435841316967,0.0004188995097583458,0.0007786682265846851,50,0.95
S3 detection 0.50 false alarm 0.050,0.5,0.5,0.05,share_blocked_M2,0.11802697113914959,0.0018093255220589905,0.1162176456170906,0.11983629666120858,50,0.95
S3 detection 0.50 false alarm 0.050,0.5,0.5,0.05,share_awaiting_repair_M2,0.0,0.0,0.0,0.0,50,0.95
S3 detection 0.50 false alarm 0.050,0.5,0.5,0.05,share_under_repair_M2,0.12873809523809526,0.0012821950714570192,0.12745590016663824,0.13002029030955228,50,0.95
S3 detection 0.50 false alarm 0.050,0.5,0.5,0.05,availability_M3,0.7529873493713777,0.0011651817226341155,0.7518221676487435,0.7541525310940118,50,0.95
S3 detection 0.50 false alarm 0.050,0.5,0.5,0.05,repairs_M3,800.06,4.18250652856287,795.8774934714371,804.2425065285628,50,0.95
S3 detection 0.50 false alarm 0.050,0.5,0.5,0.05,repairs_preventive_M3,793.78,4.362247446918708,789.4177525530813,798.1422474469186,50,0.95
S3 detection 0.50 false alarm 0.050,0.5,0.5,0.05,share_processing_M3,0.7523942684040368,0.0011053059555882218,0.7512889624484486,0.753499574359625,50,0.95
S3 detection 0.50 false alarm 0.050,0.5,0.5,0.05,share_starved_M3,0.00026488003432504254,0.00010638960297664489,0.00015849043134839766,0.0003712696373016874,50,0.95
S3 detection 0.50 false alarm 0.050,0.5,0.5,0.05,share_blocked_M3,0.0003282009330159113,9.495083421531555e-05,0.00023325009880059575,0.0004231517672312268,50,0.95
S3 detection 0.50 false alarm 0.050,0.5,0.5,0.05,share_awaiting_repair_M3,9.674438146166019e-06,8.363058616098625e-06,1.311379530067394e-06,1.803749676226464e-05,50,0.95
S3 detection 0.50 false alarm 0.050,0.5,0.5,0.05,share_under_repair_M3,0.24700297619047618,0.0011644994148014662,0.24583847677567472,0.24816747560527763,50,0.95
S3 detection 0.50 false alarm 0.050,0.5,0.5,0.05,availability_M4,0.8703422619047619,0.0011099173265698469,0.8692323445781921,0.8714521792313318,50,0.95
S3 detection 0.50 false alarm 0.050,0.5,0.5,0.05,repairs_M4,519.0,4.561626482557876,514.4383735174421,523.5616264825579,50,0.95
S3 detection 0.50 false alarm 0.050,0.5,0.5,0.05,repairs_preventive_M4,519.0,4.561626482557876,514.4383735174421,523.5616264825579,50,0.95
S3 detection 0.50 false alarm 0.050,0.5,0.5,0.05,share_processing_M4,0.7520938771447442,0.0011036070137406665,0.7509902701310035,0.7531974841584849,50,0.95
S3 detection 0.50 false alarm 0.050,0.5,0.5,0.05,share_starved_M4,0.11770411522844976,0.00150263442014426,0.1162014808083055,0.11920674964859401,50,0.95
S3 detection 0.50 false alarm 0.050,0.5,0.5,0.05,share_blocked_M4,0.0005442695315678362,0.00014224161861150592,0.0004020279129563303,0.0006865111501793422,50,0.95
S3 detection 0.50 false alarm 0.050,0.5,0.5,0.05,share_awaiting_repair_M4,0.0,0.0,0.0,0.0,50,0.95
S3 detection 0.50 false alarm 0.050,0.5,0.5,0.05,share_under_repair_M4,0.1296577380952381,0.0011099173265698469,0.12854782076866825,0.13076765542180793,50,0.95
S3 detection 0.50 false alarm 0.050,0.5,0.5,0.05,availability_M5,0.8714543650793651,0.0012505097841198302,0.8702038552952454,0.8727048748634849,50,0.95
S3 detection 0.50 false alarm 0.050,0.5,0.5,0.05,repairs_M5,514.54,4.8811433610462664,509.6588566389537,519.4211433610462,50,0.95
S3 detection 0.50 false alarm 0.050,0.5,0.5,0.05,repairs_preventive_M5,514.54,4.8811433610462664,509.6588566389537,519.4211433610462,50,0.95
S3 detection 0.50 false alarm 0.050,0.5,0.5,0.05,share_processing_M5,0.7521166472211861,0.0011056525452699925,0.7510109946759161,0.753222299766456,50,0.95
S3 detection 0.50 false alarm 0.050,0.5,0.5,0.05,share_starved_M5,0.11882499537766439,0.0017038175310336967,0.11712117784663069,0.12052881290869809,50,0.95
S3 detection 0.50 false alarm 0.050,0.5,0.5,0.05,share_blocked_M5,0.0005127224805144842,0.00014307185475818753,0.0003696506257562966,0.0006557943352726717,50,0.95
S3 detection 0.50 false alarm 0.050,0.5,0.5,0.05,share_awaiting_repair_M5,0.0,0.0,0.0,0.0,50,0.95
S3 detection 0.50 false alarm 0.050,0.5,0.5,0.05,share_under_repair_M5,0.12854563492063492,0.0012505097841198315,0.12729512513651509,0.12979614470475476,50,0.95
S3 detection 0.50 false alarm 0.050,0.5,0.5,0.05,availability_M6,0.871655753968254,0.001157015317602244,0.8704987386506517,0.8728127692858563,50,0.95
S3 detection 0.50 false alarm 0.050,0.5,0.5,0.05,repairs_M6,513.18,4.71223859265424,508.46776140734573,517.8922385926542,50,0.95
S3 detection 0.50 false alarm 0.050,0.5,0.5,0.05,repairs_preventive_M6,513.18,4.71223859265424,508.46776140734573,517.8922385926542,50,0.95
S3 detection 0.50 false alarm 0.050,0.5,0.5,0.05,share_processing_M6,0.7521622791802914,0.0011070730796076782,0.7510552061006838,0.7532693522598991,50,0.95
S3 detection 0.50 false alarm 0.050,0.5,0.5,0.05,share_starved_M6,0.11949347478796259,0.0016696886664165906,0.117823786121546,0.12116316345437918,50,0.95
S3 detection 0.50 false alarm 0.050,0.5,0.5,0.05,share_blocked_M6,0.0,0.0,0.0,0.0,50,0.95
S3 detection 0.50 false alarm 0.050,0.5,0.5,0.05,share_awaiting_repair_M6,0.0,0.0,0.0,0.0,50,0.95
S3 detection 0.50 false alarm 0.050,0.5,0.5,0.05,share_under_repair_M6,0.12834424603174605,0.0011570153176022442,0.1271872307141438,0.12950126134934828,50,0.95
S3 detection 0.50 false alarm 0.050,0.5,0.5,0.05,availability_mean,0.851383804260309,0.0004830211174115138,0.8509007831428975,0.8518668253777205,50,0.95
S3 detection 0.50 false alarm 0.050,0.5,0.5,0.05,repairs_mean,563.3366666666666,1.8452209235782258,561.4914457430883,565.1818875902449,50,0.95
S3 detection 0.50 false alarm 0.050,0.5,0.5,0.05,repairs_preventive_mean,562.29,1.844980711294593,560.4450192887053,564.1349807112946,50,0.95
