scenario,setting_buffer_capacity,setting_condition_based,indicator,mean,half_width,lower,upper,n,confidence_level
S4 run-to-failure capacity 0,0.0,0.0,parts_produced,2097.02,24.608116850738227,2072.411883149262,2121.628116850738,50,0.95
S4 run-to-failure capacity 0,0.0,0.0,throughput_per_h,0.20803769841269845,0.002441281433604983,0.20559641697909348,0.21047897984630343,50,0.95
S4 run-to-failure capacity 0,0.0,0.0,mean_lead_time_h,14.295132519295848,0.1379220036807318,14.157210515615116,14.43305452297658,50,0.95
S4 run-to-failure capacity 0,0.0,0.0,mean_wip_parts,0.0,0.0,0.0,0.0,50,0.95
S4 run-to-failure capacity 0,0.0,0.0,parts_scrapped,207.48,2.464389388374253,205.01561061162573,209.94438938837425,50,0.95
S4 run-to-failure capacity 0,0.0,0.0,mean_quality,0.5740003532702198,0.0011865768195292068,0.5728137764506906,0.575186930089749,50,0.95
S4 run-to-failure capacity 0,0.0,0.0,std_quality,0.12226554009654635,0.0015653004780704644,0.12070023961847588,0.12383084057461681,50,0.95
S4 run-to-failure capacity 0,0.0,0.0,failures_while_processing,207.48,2.464389388374253,205.01561061162573,209.94438938837425,50,0.95
S4 run-to-failure capacity 0,0.0,0.0,failures_while_starved,247.08,3.3777459894536004,243.70225401054643,250.4577459894536,50,0.95
S4 run-to-failure capacity 0,0.0,0.0,failures_while_blocked,237.56,3.41671694176699,234.143283058233,240.976716941767,50,0.95
S4 run-to-failure capacity 0,0.0,0.0,alarms_true,0.0,0.0,0.0,0.0,50,0.95
S4 run-to-failure capacity 0,0.0,0.0,alarms_false,0.0,0.0,0.0,0.0,50,0.95
S4 run-to-failure capacity 0,0.0,0.0,availability_M1,0.8086819524092091,0.001129024333207267,0.8075529280760019,0.8098109767424164,50,0.95
S4 run-to-failure capacity 0,0.0,0.0,repairs_M1,94.56,0.5235925596336716,94.03640744036633,95.08359255963367,50,0.95
S4 run-to-failure capacity 0,0.0,0.0,repairs_preventive_M1,0.0,0.0,0.0,0.0,50,0.95
S4 run-to-failure capacity 0,0.0,0.0,share_processing_M1,0.22730491126111002,0.0025064705873030302,0.224798440673807,0.22981138184841304,50,0.95
S4 run-to-failure capacity 0,0.0,0.0,share_starved_M1,0.0,0.0,0.0,0.0,50,0.95
S4 run-to-failure capacity 0,0.0,0.0,share_blocked_M1,0.581377041148099,0.002904950628728776,0.5784720905193702,0.5842819917768277,50,0.95
S4 run-to-failure capacity 0,0.0,0.0,share_awaiting_repair_M1,0.003818925010497473,0.00048729265562757747,0.003331632354869896,0.00430621766612505,50,0.95
S4 run-to-failure capacity 0,0.0,0.0,share_under_repair_M1,0.18749912258029344,0.0010449780782755356,0.18645414450201792,0.18854410065856897,50,0.95
S4 run-to-failure capacity 0,0.0,0.0,availability_M2,0.8092238024945363,0.0008954398600268934,0.8083283626345094,0.8101192423545632,50,0.95
S4 run-to-failure capacity 0,0.0,0.0,repairs_M2,94.04,0.3976269513218398,93.64237304867817,94.43762695132185,50,0.95
S4 run-to-failure capacity 0,0.0,0.0,repairs_preventive_M2,0.0,0.0,0.0,0.0,50,0.95
S4 run-to-failure capacity 0,0.0,0.0,share_processing_M2,0.22463807030284047,0.00249979453042209,0.22213827577241838,0.22713786483326256,50,0.95
S4 run-to-failure capacity 0,0.0,0.0,share_starved_M2,0.08869695559566101,0.0024117841246925975,0.08628517147096841,0.09110873972035362,50,0.95
S4 run-to-failure capacity 0,0.0,0.0,share_blocked_M2,0.4958887765960347,0.002965489126104343,0.49292328746993036,0.49885426572213903,50,0.95
S4 run-to-failure capacity 0,0.0,0.0,share_awaiting_repair_M2,0.004138731307694038,0.0005186951166541447,0.0036200361910398936,0.0046574264243481826,50,0.95
S4 run-to-failure capacity 0,0.0,0.0,share_under_repair_M2,0.18663746619776977,0.000825711038694516,0.18581175515907525,0.1874631772364643,50,0.95
S4 run-to-failure capacity 0,0.0,0.0,availability_M3,0.5563012992304676,0.0016287796632826663,0.5546725195671849,0.5579300788937502,50,0.95
S4 run-to-failure capacity 0,0.0,0.0,repairs_M3,220.74,0.7763118231918315,219.96368817680818,221.51631182319184,50,0.95
S4 run-to-failure capacity 0,0.0,0.0,repairs_preventive_M3,0.0,0.0,0.0,0.0,50,0.95
S4 run-to-failure capacity 0,0.0,0.0,share_processing_M3,0.21930214517799065,0.002471501666345017,0.21683064351164563,0.22177364684433568,50,0.95
S4 run-to-failure capacity 0,0.0,0.0,share_starved_M3,0.1388520375156955,0.0026571543591655607,0.13619488315652994,0.14150919187486105,50,0.95
S4 run-to-failure capacity 0,0.0,0.0,share_blocked_M3,0.19814711653678146,0.0026540006897105904,0.19549311584707088,0.20080111722649205,50,0.95
S4 run-to-failure capacity 0,0.0,0.0,share_awaiting_repair_M3,0.00559735378641517,0.0006058391350241247,0.004991514651391045,0.006203192921439295,50,0.95
S4 run-to-failure capacity 0,0.0,0.0,share_under_repair_M3,0.43810134698311726,0.0015379649694348982,0.43656338201368233,0.4396393119525522,50,0.95
S4 run-to-failure capacity 0,0.0,0.0,availability_M4,0.8097638349331575,0.0013706468014200576,0.8083931881317374,0.8111344817345776,50,0.95
S4 run-to-failure capacity 0,0.0,0.0,repairs_M4,93.94,0.6429871742715448,93.29701282572846,94.58298717427154,50,0.95
S4 run-to-failure capacity 0,0.0,0.0,repairs_preventive_M4,0.0,0.0,0.0,0.0,50,0.95
S4 run-to-failure capacity 0,0.0,0.0,share_processing_M4,0.2140627547146664,0.002429262212170066,0.21163349250249633,0.21649201692683648,50,0.95
S4 run-to-failure capacity 0,0.0,0.0,share_starved_M4,0.4218407822413112,0.0033442015457850888,0.41849658069552614,0.4251849837870963,50,0.95
S4 run-to-failure capacity 0,0.0,0.0,share_blocked_M4,0.1738602979771799,0.0033587232762962264,0.17050157470088367,0.1772190212534761,50,0.95
S4 run-to-failure capacity 0,0.0,0.0,share_awaiting_repair_M4,0.003888488463383649,0.0005100572477201916,0.0033784312156634575,0.004398545711103841,50,0.95
S4 run-to-failure capacity 0,0.0,0.0,share_under_repair_M4,0.18634767660345883,0.0012385027894619533,0.18510917381399689,0.18758617939292077,50,0.95
S4 run-to-failure capacity 0,0.0,0.0,availability_M5,0.8077455029757488,0.0010254726763129797,0.8067200302994357,0.8087709756520618,50,0.95
S4 run-to-failure capacity 0,0.0,0.0,repairs_M5,94.66,0.5218582303915427,94.13814176960845,95.18185823039154,50,0.95
S4 run-to-failure capacity 0,0.0,0.0,repairs_preventive_M5,0.0,0.0,0.0,0.0,50,0.95
S4 run-to-failure capacity 0,0.0,0.0,share_processing_M5,0.2115718915981513,0.002426655522808049,0.20914523607534324,0.21399854712095934,50,0.95
S4 run-to-failure capacity 0,0.0,0.0,share_starved_M5,0.5067072883118863,0.003483723355103246,0.503223564956783,0.5101910116669895,50,0.95
S4 run-to-failure capacity 0,0.0,0.0,share_blocked_M5,0.08946632306571123,0.0021813267292008203,0.0872849963365104,0.09164764979491205,50,0.95
S4 run-to-failure capacity 0,0.0,0.0,share_awaiting_repair_M5,0.004443551075804099,0.0005315491697402986,0.0039120019060638,0.004975100245544397,50,0.95
S4 run-to-failure capacity 0,0.0,0.0,share_under_repair_M5,0.1878109459484471,0.0010182878936964908,0.18679265805475062,0.1888292338421436,50,0.95
S4 run-to-failure capacity 0,0.0,0.0,availability_M6,0.8093244943246597,0.0011447184933502605,0.8081797758313094,0.81046921281801,50,0.95
S4 run-to-failure capacity 0,0.0,0.0,repairs_M6,94.1,0.5301312675497082,93.56986873245029,94.6301312675497,50,0.95
S4 run-to-failure capacity 0,0.0,0.0,repairs_preventive_M6,0.0,0.0,0.0,0.0,50,0.95
S4 run-to-failure capacity 0,0.0,0.0,share_processing_M6,0.20919279242838912,0.0024350966187083444,0.20675769580968079,0.21162788904709745,50,0.95
S4 run-to-failure capacity 0,0.0,0.0,share_starved_M6,0.6001317018962706,0.0026491677497522013,0.5974825341465184,0.6027808696460228,50,0.95
S4 run-to-failure capacity 0,0.0,0.0,share_blocked_M6,0.0,0.0,0.0,0.0,50,0.95
S4 run-to-failure capacity 0,0.0,0.0,share_awaiting_repair_M6,0.003990278718183116,0.0006022777432784175,0.0033880009749046986,0.004592556461461533,50,0.95
S4 run-to-failure capacity 0,0.0,0.0,share_under_repair_M6,0.18668522695715709,0.001047095742652623,0.18563813121450445,0.18773232269980972,50,0.95
S4 run-to-failure capacity 0,0.0,0.0,availability_mean,0.766840147727963,0.0005404656873000363,0.766299682040663,0.7673806134152631,50,0.95
S4 run-to-failure capacity 0,0.0,0.0,repairs_mean,115.34000000000002,0.2300561602816254,115.1099438397184,115.57005616028164,50,0.95
S4 run-to-failure capacity 0,0.0,0.0,repairs_preventive_mean,0.0,0.0,0.0,0.0,50,0.95
S4 run-to-failure capacity 1,1.0,0.0,parts_produced,2518.74,21.963329579455515,2496.776670420544,2540.7033295794554,50,0.95
S4 run-to-failure capacity 1,1.0,0.0,throughput_per_h,0.24987499999999996,0.0021789017439936033,0.24769609825600636,0.25205390174399356,50,0.95
S4 run-to-failure capacity 1,1.0,0.0,mean_lead_time_h,21.226950148255018,0.1839929949432767,21.04295715331174,21.410943143198296,50,0.95
S4 run-to-failure capacity 1,1.0,0.0,mean_wip_parts,2.3305760646168263,0.01355991114838944,2.317016153468437,2.344135975765216,50,0.95
S4 run-to-failure capacity 1,1.0,0.0,parts_scrapped,237.18,2.5150037225308286,234.66499627746919,239.69500372253083,50,0.95
S4 run-to-failure capacity 1,1.0,0.0,mean_quality,0.5884517715378941,0.001256477081251607,0.5871952944566424,0.5897082486191457,50,0.95
S4 run-to-failure capacity 1,1.0,0.0,std_quality,0.1256663448983276,0.0015275671951814676,0.12413877770314613,0.12719391209350905,50,0.95
S4 run-to-failure capacity 1,1.0,0.0,failures_while_processing,237.18,2.5150037225308286,234.66499627746919,239.69500372253083,50,0.95
S4 run-to-failure capacity 1,1.0,0.0,failures_while_starved,235.36,3.3046937035701482,232.05530629642988,238.66469370357015,50,0.95
S4 run-to-failure capacity 1,1.0,0.0,failures_while_blocked,219.58,3.349445715674967,216.23055428432505,222.92944571567497,50,0.95
S4 run-to-failure capacity 1,1.0,0.0,alarms_true,0.0,0.0,0.0,0.0,50,0.95
S4 run-to-failure capacity 1,1.0,0.0,alarms_false,0.0,0.0,0.0,0.0,50,0.95
S4 run-to-failure capacity 1,1.0,0.0,availability_M1,0.8086819524092091,0.001129024333207267,0.8075529280760019,0.8098109767424164,50,0.95
S4 run-to-failure capacity 1,1.0,0.0,repairs_M1,94.56,0.5235925596336716,94.03640744036633,95.08359255963367,50,0.95
S4 run-to-failure capacity 1,1.0,0.0,repairs_preventive_M1,0.0,0.0,0.0,0.0,50,0.95
S4 run-to-failure capacity 1,1.0,0.0,share_processing_M1,0.2719282775817553,0.0022137378199077393,0.26971453976184756,0.27414201540166305,50,0.95
S4 run-to-failure capacity 1,1.0,0.0,share_starved_M1,0.0,0.0,0.0,0.0,50,0.95
S4 run-to-failure capacity 1,1.0,0.0,share_blocked_M1,0.5367536748274537,0.0026357019774651534,0.5341179728499886,0.5393893768049188,50,0.95
S4 run-to-failure capacity 1,1.0,0.0,share_awaiting_repair_M1,0.003818925010497473,0.00048729265562757747,0.003331632354869896,0.00430621766612505,50,0.95
S4 run-to-failure capacity 1,1.0,0.0,share_under_repair_M1,0.18749912258029344,0.0010449780782755356,0.18645414450201792,0.18854410065856897,50,0.95
S4 run-to-failure capacity 1,1.0,0.0,availability_M2,0.8092238024945363,0.0008954398600268934,0.8083283626345094,0.8101192423545632,50,0.95
S4 run-to-failure capacity 1,1.0,0.0,repairs_M2,94.04,0.3976269513218398,93.64237304867817,94.43762695132185,50,0.95
S4 run-to-failure capacity 1,1.0,0.0,repairs_preventive_M2,0.0,0.0,0.0,0.0,50,0.95
S4 run-to-failure capacity 1,1.0,0.0,share_processing_M2,0.26887428120548895,0.0022066152143054647,0.26666766599118347,0.27108089641979444,50,0.95
S4 run-to-failure capacity 1,1.0,0.0,share_starved_M2,0.08335309126679881,0.002329219060448578,0.08102387220635023,0.0856823103272474,50,0.95
S4 run-to-failure capacity 1,1.0,0.0,share_blocked_M2,0.45699643002224843,0.002927533833768198,0.45406889618848023,0.45992396385601664,50,0.95
S4 run-to-failure capacity 1,1.0,0.0,share_awaiting_repair_M2,0.004138731307694038,0.0005186951166541447,0.0036200361910398936,0.0046574264243481826,50,0.95
S4 run-to-failure capacity 1,1.0,0.0,share_under_repair_M2,0.18663746619776977,0.000825711038694516,0.18581175515907525,0.1874631772364643,50,0.95
S4 run-to-failure capacity 1,1.0,0.0,availability_M3,0.5563012992304676,0.0016287796632826663,0.5546725195671849,0.5579300788937502,50,0.95
S4 run-to-failure capacity 1,1.0,0.0,repairs_M3,220.74,0.7763118231918315,219.96368817680818,221.51631182319184,50,0.95
S4 run-to-failure capacity 1,1.0,0.0,repairs_preventive_M3,0.0,0.0,0.0,0.0,50,0.95
S4 run-to-failure capacity 1,1.0,0.0,share_processing_M3,0.2628251787246499,0.0021815016230573693,0.26064367710159253,0.26500668034770725,50,0.95
S4 run-to-failure capacity 1,1.0,0.0,share_starved_M3,0.12499913192401316,0.0025116337932395037,0.12248749813077366,0.12751076571725267,50,0.95
S4 run-to-failure capacity 1,1.0,0.0,share_blocked_M3,0.16847698858180454,0.0024893768689385684,0.16598761171286597,0.17096636545074312,50,0.95
S4 run-to-failure capacity 1,1.0,0.0,share_awaiting_repair_M3,0.00559735378641517,0.0006058391350241247,0.004991514651391045,0.006203192921439295,50,0.95
S4 run-to-failure capacity 1,1.0,0.0,share_under_repair_M3,0.43810134698311726,0.0015379649694348982,0.43656338201368233,0.4396393119525522,50,0.95
S4 run-to-failure capacity 1,1.0,0.0,availability_M4,0.8097638349331575,0.0013706468014200576,0.8083931881317374,0.8111344817345776,50,0.95
S4 run-to-failure capacity 1,1.0,0.0,repairs_M4,93.94,0.6429871742715448,93.29701282572846,94.58298717427154,50,0.95
S4 run-to-failure capacity 1,1.0,0.0,repairs_preventive_M4,0.0,0.0,0.0,0.0,50,0.95
S4 run-to-failure capacity 1,1.0,0.0,share_processing_M4,0.2568283313485881,0.0021624408875425957,0.25466589046104554,0.2589907722361307,50,0.95
S4 run-to-failure capacity 1,1.0,0.0,share_starved_M4,0.39922236178935555,0.0032669269696132997,0.39595543481974227,0.40248928875896883,50,0.95
S4 run-to-failure capacity 1,1.0,0.0,share_blocked_M4,0.1537131417952138,0.0033087729128800057,0.1504043688823338,0.15702191470809382,50,0.95
S4 run-to-failure capacity 1,1.0,0.0,share_awaiting_repair_M4,0.003888488463383649,0.0005100572477201916,0.0033784312156634575,0.004398545711103841,50,0.95
S4 run-to-failure capacity 1,1.0,0.0,share_under_repair_M4,0.18634767660345883,0.0012385027894619533,0.18510917381399689,0.18758617939292077,50,0.95
S4 run-to-failure capacity 1,1.0,0.0,availability_M5,0.8077455029757488,0.0010254726763129797,0.8067200302994357,0.8087709756520618,50,0.95
S4 run-to-failure capacity 1,1.0,0.0,repairs_M5,94.66,0.5218582303915427,94.13814176960845,95.18185823039154,50,0.95
S4 run-to-failure capacity 1,1.0,0.0,repairs_preventive_M5,0.0,0.0,0.0,0.0,50,0.95
S4 run-to-failure capacity 1,1.0,0.0,share_processing_M5,0.2539250986650732,0.002157354814532935,0.25176774385054024,0.2560824534796061,50,0.95
S4 run-to-failure capacity 1,1.0,0.0,share_starved_M5,0.47169228493374576,0.0032403569714415407,0.4684519279623042,0.4749326419051873,50,0.95
S4 run-to-failure capacity 1,1.0,0.0,share_blocked_M5,0.08212811937692979,0.002147201479153662,0.07998091789777613,0.08427532085608345,50,0.95
S4 run-to-failure capacity 1,1.0,0.0,share_awaiting_repair_M5,0.004443551075804099,0.0005315491697402986,0.0039120019060638,0.004975100245544397,50,0.95
S4 run-to-failure capacity 1,1.0,0.0,share_under_repair_M5,0.1878109459484471,0.0010182878936964908,0.18679265805475062,0.1888292338421436,50,0.95
S4 run-to-failure capacity 1,1.0,0.0,availability_M6,0.8093244943246597,0.0011447184933502605,0.8081797758313094,0.81046921281801,50,0.95
S4 run-to-failure capacity 1,1.0,0.0,repairs_M6,94.1,0.5301312675497082,93.56986873245029,94.6301312675497,50,0.95
S4 run-to-failure capacity 1,1.0,0.0,repairs_preventive_M6,0.0,0.0,0.0,0.0,50,0.95
S4 run-to-failure capacity 1,1.0,0.0,share_processing_M6,0.25118404319715515,0.0021700045106868827,0.24901403868646826,0.25335404770784203,50,0.95
S4 run-to-failure capacity 1,1.0,0.0,share_starved_M6,0.5581404511275047,0.0023844697133395655,0.555755981414165,0.5605249208408443,50,0.95
S4 run-to-failure capacity 1,1.0,0.0,share_blocked_M6,0.0,0.0,0.0,0.0,50,0.95
S4 run-to-failure capacity 1,1.0,0.0,share_awaiting_repair_M6,0.003990278718183116,0.0006022777432784175,0.0033880009749046986,0.004592556461461533,50,0.95
S4 run-to-failure capacity 1,1.0,0.0,share_under_repair_M6,0.18668522695715709,0.001047095742652623,0.18563813121450445,0.18773232269980972,50,0.95
S4 run-to-failure capacity 1,1.0,0.0,availability_mean,0.766840147727963,0.0005404656873000363,0.766299682040663,0.7673806134152631,50,0.95
S4 run-to-failure capacity 1,1.0,0.0,repairs_mean,115.34000000000002,0.2300561602816254,115.1099438397184,115.57005616028164,50,0.95
S4 run-to-failure capacity 1,1.0,0.0,repairs_preventive_mean,0.0,0.0,0.0,0.0,50,0.95
S4 run-to-failure capacity 2,2.0,0.0,parts_produced,2900.42,20.091412040297197,2880.328587959703,2920.5114120402973,50,0.95
S4 run-to-failure capacity 2,2.0,0.0,throughput_per_h,0.28774007936507934,0.001993195638918373,0.28574688372616097,0.2897332750039977,50,0.95
S4 run-to-failure capacity 2,2.0,0.0,mean_lead_time_h,26.408620136265185,0.20512836852635913,26.203491767738825,26.613748504791545,50,0.95
S4 run-to-failure capacity 2,2.0,0.0,mean_wip_parts,4.631819256281208,0.02819274441881219,4.603626511862395,4.6600120007000205,50,0.95
S4 run-to-failure capacity 2,2.0,0.0,parts_scrapped,263.68,2.887104823487313,260.7928951765127,266.56710482348734,50,0.95
S4 run-to-failure capacity 2,2.0,0.0,mean_quality,0.5961205663675836,0.0012608204931018603,0.5948597458744818,0.5973813868606854,50,0.95
S4 run-to-failure capacity 2,2.0,0.0,std_quality,0.1263752582254952,0.0015044341000850798,0.12487082412541012,0.12787969232558027,50,0.95
S4 run-to-failure capacity 2,2.0,0.0,failures_while_processing,263.68,2.887104823487313,260.7928951765127,266.56710482348734,50,0.95
S4 run-to-failure capacity 2,2.0,0.0,failures_while_starved,225.86,3.243398479424599,222.61660152057541,229.1033984794246,50,0.95
S4 run-to-failure capacity 2,2.0,0.0,failures_while_blocked,202.58,3.4431147936859396,199.13688520631408,206.02311479368595,50,0.95
S4 run-to-failure capacity 2,2.0,0.0,alarms_true,0.0,0.0,0.0,0.0,50,0.95
S4 run-to-failure capacity 2,2.0,0.0,alarms_false,0.0,0.0,0.0,0.0,50,0.95
S4 run-to-failure capacity 2,2.0,0.0,availability_M1,0.8086819524092091,0.001129024333207267,0.8075529280760019,0.8098109767424164,50,0.95
S4 run-to-failure capacity 2,2.0,0.0,repairs_M1,94.56,0.5235925596336716,94.03640744036633,95.08359255963367,50,0.95
S4 run-to-failure capacity 2,2.0,0.0,repairs_preventive_M1,0.0,0.0,0.0,0.0,50,0.95
S4 run-to-failure capacity 2,2.0,0.0,share_processing_M1,0.31224992129538137,0.0019961943903110814,0.3102537269050703,0.31424611568569244,50,0.95
S4 run-to-failure capacity 2,2.0,0.0,share_starved_M1,0.0,0.0,0.0,0.0,50,0.95
S4 run-to-failure capacity 2,2.0,0.0,share_blocked_M1,0.49643203111382767,0.0024170349768979664,0.4940149961369297,0.49884906609072566,50,0.95
S4 run-to-failure capacity 2,2.0,0.0,share_awaiting_repair_M1,0.003818925010497473,0.00048729265562757747,0.003331632354869896,0.00430621766612505,50,0.95
S4 run-to-failure capacity 2,2.0,0.0,share_under_repair_M1,0.18749912258029344,0.0010449780782755356,0.18645414450201792,0.18854410065856897,50,0.95
S4 run-to-failure capacity 2,2.0,0.0,availability_M2,0.8092238024945363,0.0008954398600268934,0.8083283626345094,0.8101192423545632,50,0.95
S4 run-to-failure capacity 2,2.0,0.0,repairs_M2,94.04,0.3976269513218398,93.64237304867817,94.43762695132185,50,0.95
S4 run-to-failure capacity 2,2.0,0.0,repairs_preventive_M2,0.0,0.0,0.0,0.0,50,0.95
S4 run-to-failure capacity 2,2.0,0.0,share_processing_M2,0.3088415859051441,0.001999593582445661,0.30684199232269843,0.31084117948758977,50,0.95
S4 run-to-failure capacity 2,2.0,0.0,share_starved_M2,0.07826799551612475,0.0022439229665202026,0.07602407254960454,0.08051191848264495,50,0.95
S4 run-to-failure capacity 2,2.0,0.0,share_blocked_M2,0.42211422107326735,0.002889004754681773,0.41922521631858556,0.42500322582794914,50,0.95
S4 run-to-failure capacity 2,2.0,0.0,share_awaiting_repair_M2,0.004138731307694038,0.0005186951166541447,0.0036200361910398936,0.0046574264243481826,50,0.95
S4 run-to-failure capacity 2,2.0,0.0,share_under_repair_M2,0.18663746619776977,0.000825711038694516,0.18581175515907525,0.1874631772364643,50,0.95
S4 run-to-failure capacity 2,2.0,0.0,availability_M3,0.5563012992304676,0.0016287796632826663,0.5546725195671849,0.5579300788937502,50,0.95
S4 run-to-failure capacity 2,2.0,0.0,repairs_M3,220.74,0.7763118231918315,219.96368817680818,221.51631182319184,50,0.95
S4 run-to-failure capacity 2,2.0,0.0,repairs_preventive_M3,0.0,0.0,0.0,0.0,50,0.95
S4 run-to-failure capacity 2,2.0,0.0,share_processing_M3,0.3021174167737474,0.0019981303315323128,0.30011928644221514,0.3041155471052797,50,0.95
S4 run-to-failure capacity 2,2.0,0.0,share_starved_M3,0.11192506050847247,0.002364629577893655,0.10956043093057881,0.11428969008636612,50,0.95
S4 run-to-failure capacity 2,2.0,0.0,share_blocked_M3,0.1422588219482477,0.002160700261960518,0.14009812168628719,0.14441952221020823,50,0.95
S4 run-to-failure capacity 2,2.0,0.0,share_awaiting_repair_M3,0.00559735378641517,0.0006058391350241247,0.004991514651391045,0.006203192921439295,50,0.95
S4 run-to-failure capacity 2,2.0,0.0,share_under_repair_M3,0.43810134698311726,0.0015379649694348982,0.43656338201368233,0.4396393119525522,50,0.95
S4 run-to-failure capacity 2,2.0,0.0,availability_M4,0.8097638349331575,0.0013706468014200576,0.8083931881317374,0.8111344817345776,50,0.95
S4 run-to-failure capacity 2,2.0,0.0,repairs_M4,93.94,0.6429871742715448,93.29701282572846,94.58298717427154,50,0.95
S4 run-to-failure capacity 2,2.0,0.0,repairs_preventive_M4,0.0,0.0,0.0,0.0,50,0.95
S4 run-to-failure capacity 2,2.0,0.0,share_processing_M4,0.2954332488248886,0.001993748111902838,0.29343950071298575,0.2974269969367914,50,0.95
S4 run-to-failure capacity 2,2.0,0.0,share_starved_M4,0.3789646175659434,0.003245616271783099,0.3757190012941603,0.3822102338377265,50,0.95
S4 run-to-failure capacity 2,2.0,0.0,share_blocked_M4,0.13536596854232558,0.0032205399549012975,0.13214542858742429,0.13858650849722687,50,0.95
S4 run-to-failure capacity 2,2.0,0.0,share_awaiting_repair_M4,0.003888488463383649,0.0005100572477201916,0.0033784312156634575,0.004398545711103841,50,0.95
S4 run-to-failure capacity 2,2.0,0.0,share_under_repair_M4,0.18634767660345883,0.0012385027894619533,0.18510917381399689,0.18758617939292077,50,0.95
S4 run-to-failure capacity 2,2.0,0.0,availability_M5,0.8077455029757488,0.0010254726763129797,0.8067200302994357,0.8087709756520618,50,0.95
S4 run-to-failure capacity 2,2.0,0.0,repairs_M5,94.66,0.5218582303915427,94.13814176960845,95.18185823039154,50,0.95
S4 run-to-failure capacity 2,2.0,0.0,repairs_preventive_M5,0.0,0.0,0.0,0.0,50,0.95
S4 run-to-failure capacity 2,2.0,0.0,share_processing_M5,0.29223948381143644,0.0019769080390941852,0.29026257577234227,0.2942163918505306,50,0.95
S4 run-to-failure capacity 2,2.0,0.0,share_starved_M5,0.4400970597485961,0.0032969686378097668,0.4368000911107863,0.44339402838640585,50,0.95
S4 run-to-failure capacity 2,2.0,0.0,share_blocked_M5,0.07540895941571639,0.0022093725483202896,0.0731995868673961,0.07761833196403668,50,0.95
S4 run-to-failure capacity 2,2.0,0.0,share_awaiting_repair_M5,0.004443551075804099,0.0005315491697402986,0.0039120019060638,0.004975100245544397,50,0.95
S4 run-to-failure capacity 2,2.0,0.0,share_under_repair_M5,0.1878109459484471,0.0010182878936964908,0.18679265805475062,0.1888292338421436,50,0.95
S4 run-to-failure capacity 2,2.0,0.0,availability_M6,0.8093244943246597,0.0011447184933502605,0.8081797758313094,0.81046921281801,50,0.95
S4 run-to-failure capacity 2,2.0,0.0,repairs_M6,94.1,0.5301312675497082,93.56986873245029,94.6301312675497,50,0.95
S4 run-to-failure capacity 2,2.0,0.0,repairs_preventive_M6,0.0,0.0,0.0,0.0,50,0.95
S4 run-to-failure capacity 2,2.0,0.0,share_processing_M6,0.2891927152614848,0.0019843436530264263,0.2872083716084584,0.29117705891451123,50,0.95
S4 run-to-failure capacity 2,2.0,0.0,share_starved_M6,0.520131779063175,0.0022176311208790397,0.517914147942296,0.522349410184054,50,0.95
S4 run-to-failure capacity 2,2.0,0.0,share_blocked_M6,0.0,0.0,0.0,0.0,50,0.95
S4 run-to-failure capacity 2,2.0,0.0,share_awaiting_repair_M6,0.003990278718183116,0.0006022777432784175,0.0033880009749046986,0.004592556461461533,50,0.95
S4 run-to-failure capacity 2,2.0,0.0,share_under_repair_M6,0.18668522695715709,0.001047095742652623,0.18563813121450445,0.18773232269980972,50,0.95
S4 run-to-failure capacity 2,2.0,0.0,availability_mean,0.766840147727963,0.0005404656873000363,0.766299682040663,0.7673806134152631,50,0.95
S4 run-to-failure capacity 2,2.0,0.0,repairs_mean,115.34000000000002,0.2300561602816254,115.1099438397184,115.57005616028164,50,0.95
S4 run-to-failure capacity 2,2.0,0.0,repairs_preventive_mean,0.0,0.0,0.0,0.0,50,0.95
S4 run-to-failure capacity 5,5.0,0.0,parts_produced,3824.8,17.288259348591676,3807.5117406514087,3842.0882593485917,50,0.95
S4 run-to-failure capacity 5,5.0,0.0,throughput_per_h,0.3794444444444444,0.0017151050941063182,0.3777293393503381,0.38115954953855075,50,0.95
S4 run-to-failure capacity 5,5.0,0.0,mean_lead_time_h,37.50904536911762,0.21271593492653076,37.296329434191094,37.72176130404415,50,0.95
S4 run-to-failure capacity 5,5.0,0.0,mean_wip_parts,11.338425525437055,0.06840658778408691,11.270018937652967,11.406832113221142,50,0.95
S4 run-to-failure capacity 5,5.0,0.0,parts_scrapped,335.38,3.169829265250371,332.2101707347496,338.54982926525037,50,0.95
S4 run-to-failure capacity 5,5.0,0.0,mean_quality,0.6035770969440953,0.0011816301856456817,0.6023954667584497,0.604758727129741,50,0.95
S4 run-to-failure capacity 5,5.0,0.0,std_quality,0.1253214094092094,0.0013685340639477826,0.12395287534526163,0.1266899434731572,50,0.95
S4 run-to-failure capacity 5,5.0,0.0,failures_while_processing,335.38,3.169829265250371,332.2101707347496,338.54982926525037,50,0.95
S4 run-to-failure capacity 5,5.0,0.0,failures_while_starved,197.5,3.106993195683958,194.39300680431603,200.60699319568397,50,0.95
S4 run-to-failure capacity 5,5.0,0.0,failures_while_blocked,159.24,2.8037568875619727,156.43624311243804,162.04375688756198,50,0.95
S4 run-to-failure capacity 5,5.0,0.0,alarms_true,0.0,0.0,0.0,0.0,50,0.95
S4 run-to-failure capacity 5,5.0,0.0,alarms_false,0.0,0.0,0.0,0.0,50,0.95
S4 run-to-failure capacity 5,5.0,0.0,availability_M1,0.8086819524092091,0.001129024333207267,0.8075529280760019,0.8098109767424164,50,0.95
S4 run-to-failure capacity 5,5.0,0.0,repairs_M1,94.56,0.5235925596336716,94.03640744036633,95.08359255963367,50,0.95
S4 run-to-failure capacity 5,5.0,0.0,repairs_preventive_M1,0.0,0.0,0.0,0.0,50,0.95
S4 run-to-failure capacity 5,5.0,0.0,share_processing_M1,0.4106227328678091,0.0017404065229561939,0.4088823263448529,0.4123631393907653,50,0.95
S4 run-to-failure capacity 5,5.0,0.0,share_starved_M1,0.0,0.0,0.0,0.0,50,0.95
S4 run-to-failure capacity 5,5.0,0.0,share_blocked_M1,0.39805921954139994,0.002059601172975661,0.3959996183684243,0.4001188207143756,50,0.95
S4 run-to-failure capacity 5,5.0,0.0,share_awaiting_repair_M1,0.003818925010497473,0.00048729265562757747,0.003331632354869896,0.00430621766612505,50,0.95
S4 run-to-failure capacity 5,5.0,0.0,share_under_repair_M1,0.18749912258029344,0.0010449780782755356,0.18645414450201792,0.18854410065856897,50,0.95
S4 run-to-failure capacity 5,5.0,0.0,availability_M2,0.8092238024945363,0.0008954398600268934,0.8083283626345094,0.8101192423545632,50,0.95
S4 run-to-failure capacity 5,5.0,0.0,repairs_M2,94.04,0.3976269513218398,93.64237304867817,94.43762695132185,50,0.95
S4 run-to-failure capacity 5,5.0,0.0,repairs_preventive_M2,0.0,0.0,0.0,0.0,50,0.95
S4 run-to-failure capacity 5,5.0,0.0,share_processing_M2,0.406427000743327,0.0017445855336882955,0.4046824152096387,0.4081715862770153,50,0.95
S4 run-to-failure capacity 5,5.0,0.0,share_starved_M2,0.06194079424569669,0.0019136688810183825,0.06002712536467831,0.06385446312671507,50,0.95
S4 run-to-failure capacity 5,5.0,0.0,share_blocked_M2,0.34085600750551237,0.0027579542115792203,0.33809805329393317,0.3436139617170916,50,0.95
S4 run-to-failure capacity 5,5.0,0.0,share_awaiting_repair_M2,0.004138731307694038,0.0005186951166541447,0.0036200361910398936,0.0046574264243481826,50,0.95
S4 run-to-failure capacity 5,5.0,0.0,share_under_repair_M2,0.18663746619776977,0.000825711038694516,0.18581175515907525,0.1874631772364643,50,0.95
S4 run-to-failure capacity 5,5.0,0.0,availability_M3,0.5563012992304676,0.0016287796632826663,0.5546725195671849,0.5579300788937502,50,0.95
S4 run-to-failure capacity 5,5.0,0.0,repairs_M3,220.74,0.7763118231918315,219.96368817680818,221.51631182319184,50,0.95
S4 run-to-failure capacity 5,5.0,0.0,repairs_preventive_M3,0.0,0.0,0.0,0.0,50,0.95
S4 run-to-failure capacity 5,5.0,0.0,share_processing_M3,0.39770937733736056,0.0017357210672001636,0.3959736562701604,0.3994450984045607,50,0.95
S4 run-to-failure capacity 5,5.0,0.0,share_starved_M3,0.07660179308356221,0.0019079946924605519,0.07469379839110166,0.07850978777602277,50,0.95
S4 run-to-failure capacity 5,5.0,0.0,share_blocked_M3,0.08199012880954479,0.0015556402724460066,0.08043448853709878,0.0835457690819908,50,0.95
S4 run-to-failure capacity 5,5.0,0.0,share_awaiting_repair_M3,0.00559735378641517,0.0006058391350241247,0.004991514651391045,0.006203192921439295,50,0.95
S4 run-to-failure capacity 5,5.0,0.0,share_under_repair_M3,0.43810134698311726,0.0015379649694348982,0.43656338201368233,0.4396393119525522,50,0.95
S4 run-to-failure capacity 5,5.0,0.0,availability_M4,0.8097638349331575,0.0013706468014200576,0.8083931881317374,0.8111344817345776,50,0.95
S4 run-to-failure capacity 5,5.0,0.0,repairs_M4,93.94,0.6429871742715448,93.29701282572846,94.58298717427154,50,0.95
S4 run-to-failure capacity 5,5.0,0.0,repairs_preventive_M4,0.0,0.0,0.0,0.0,50,0.95
S4 run-to-failure capacity 5,5.0,0.0,share_processing_M4,0.38905311810741394,0.0017498868128849004,0.38730323129452904,0.39080300492029885,50,0.95
S4 run-to-failure capacity 5,5.0,0.0,share_starved_M4,0.3309831318180761,0.0033247690668216003,0.3276583627512545,0.3343079008848977,50,0.95
S4 run-to-failure capacity 5,5.0,0.0,share_blocked_M4,0.08972758500766749,0.002609155589473967,0.08711842941819352,0.09233674059714146,50,0.95
S4 run-to-failure capacity 5,5.0,0.0,share_awaiting_repair_M4,0.003888488463383649,0.0005100572477201916,0.0033784312156634575,0.004398545711103841,50,0.95
S4 run-to-failure capacity 5,5.0,0.0,share_under_repair_M4,0.18634767660345883,0.0012385027894619533,0.18510917381399689,0.18758617939292077,50,0.95
S4 run-to-failure capacity 5,5.0,0.0,availability_M5,0.8077455029757488,0.0010254726763129797,0.8067200302994357,0.8087709756520618,50,0.95
S4 run-to-failure capacity 5,5.0,0.0,repairs_M5,94.66,0.5218582303915427,94.13814176960845,95.18185823039154,50,0.95
S4 run-to-failure capacity 5,5.0,0.0,repairs_preventive_M5,0.0,0.0,0.0,0.0,50,0.95
S4 run-to-failure capacity 5,5.0,0.0,share_processing_M5,0.38505819515311374,0.0017179993426859194,0.38334019581042783,0.38677619449579964,50,0.95
S4 run-to-failure capacity 5,5.0,0.0,share_starved_M5,0.3657947351782044,0.003242497348262836,0.36255223782994156,0.3690372325264672,50,0.95
S4 run-to-failure capacity 5,5.0,0.0,share_blocked_M5,0.05689257264443064,0.0019653468279834893,0.054927225816447156,0.05885791947241413,50,0.95
S4 run-to-failure capacity 5,5.0,0.0,share_awaiting_repair_M5,0.004443551075804099,0.0005315491697402986,0.0039120019060638,0.004975100245544397,50,0.95
S4 run-to-failure capacity 5,5.0,0.0,share_under_repair_M5,0.1878109459484471,0.0010182878936964908,0.18679265805475062,0.1888292338421436,50,0.95
S4 run-to-failure capacity 5,5.0,0.0,availability_M6,0.8093244943246597,0.0011447184933502605,0.8081797758313094,0.81046921281801,50,0.95
S4 run-to-failure capacity 5,5.0,0.0,repairs_M6,94.1,0.5301312675497082,93.56986873245029,94.6301312675497,50,0.95
S4 run-to-failure capacity 5,5.0,0.0,repairs_preventive_M6,0.0,0.0,0.0,0.0,50,0.95
S4 run-to-failure capacity 5,5.0,0.0,share_processing_M6,0.3812978831291417,0.0017226550438144744,0.37957522808532723,0.38302053817295617,50,0.95
S4 run-to-failure capacity 5,5.0,0.0,share_starved_M6,0.42802661119551805,0.0019714121831372272,0.4260551990123808,0.4299980233786553,50,0.95
S4 run-to-failure capacity 5,5.0,0.0,share_blocked_M6,0.0,0.0,0.0,0.0,50,0.95
S4 run-to-failure capacity 5,5.0,0.0,share_awaiting_repair_M6,0.003990278718183116,0.0006022777432784175,0.0033880009749046986,0.004592556461461533,50,0.95
S4 run-to-failure capacity 5,5.0,0.0,share_under_repair_M6,0.18668522695715709,0.001047095742652623,0.18563813121450445,0.18773232269980972,50,0.95
S4 run-to-failure capacity 5,5.0,0.0,availability_mean,0.766840147727963,0.0005404656873000363,0.766299682040663,0.7673806134152631,50,0.95
S4 run-to-failure capacity 5,5.0,0.0,repairs_mean,115.34000000000002,0.2300561602816254,115.1099438397184,115.57005616028164,50,0.95
S4 run-to-failure capacity 5,5.0,0.0,repairs_preventive_mean,0.0,0.0,0.0,0.0,50,0.95
S4 run-to-failure capacity 10,10.0,0.0,parts_produced,4745.42,15.037965096492968,4730.382034903507,4760.457965096493,50,0.95
S4 run-to-failure capacity 10,10.0,0.0,throughput_per_h,0.47077579365079364,0.001491861616715571,0.4692839320340781,0.4722676552675092,50,0.95
S4 run-to-failure capacity 10,10.0,0.0,mean_lead_time_h,51.97511734734555,0.24316349408417104,51.73195385326138,52.218280841429724,50,0.95
S4 run-to-failure capacity 10,10.0,0.0,mean_wip_parts,21.8977649243043,0.11612457464491363,21.781640349659387,22.013889498949215,50,0.95
S4 run-to-failure capacity 10,10.0,0.0,parts_scrapped,419.88,3.7932410378416486,416.08675896215834,423.67324103784165,50,0.95
S4 run-to-failure capacity 10,10.0,0.0,mean_quality,0.6027763673604991,0.0010452652062355697,0.6017311021542635,0.6038216325667347,50,0.95
S4 run-to-failure capacity 10,10.0,0.0,std_quality,0.12324818644350588,0.0012048977832833472,0.12204328866022253,0.12445308422678923,50,0.95
S4 run-to-failure capacity 10,10.0,0.0,failures_while_processing,419.88,3.7932410378416486,416.08675896215834,423.67324103784165,50,0.95
S4 run-to-failure capacity 10,10.0,0.0,failures_while_starved,160.4,3.1683260976214656,157.23167390237853,163.56832609762148,50,0.95
S4 run-to-failure capacity 10,10.0,0.0,failures_while_blocked,111.84,2.2622075526540577,109.57779244734594,114.10220755265406,50,0.95
S4 run-to-failure capacity 10,10.0,0.0,alarms_true,0.0,0.0,0.0,0.0,50,0.95
S4 run-to-failure capacity 10,10.0,0.0,alarms_false,0.0,0.0,0.0,0.0,50,0.95
S4 run-to-failure capacity 10,10.0,0.0,availability_M1,0.8086819524092091,0.001129024333207267,0.8075529280760019,0.8098109767424164,50,0.95
S4 run-to-failure capacity 10,10.0,0.0,repairs_M1,94.56,0.5235925596336716,94.03640744036633,95.08359255963367,50,0.95
S4 run-to-failure capacity 10,10.0,0.0,repairs_preventive_M1,0.0,0.0,0.0,0.0,50,0.95
S4 run-to-failure capacity 10,10.0,0.0,share_processing_M1,0.5099380522113388,0.0016149100836861559,0.5083231421276526,0.511552962295025,50,0.95
S4 run-to-failure capacity 10,10.0,0.0,share_starved_M1,0.0,0.0,0.0,0.0,50,0.95
S4 run-to-failure capacity 10,10.0,0.0,share_blocked_M1,0.2987439001978702,0.0017658940785622618,0.29697800611930797,0.3005097942764325,50,0.95
S4 run-to-failure capacity 10,10.0,0.0,share_awaiting_repair_M1,0.003818925010497473,0.00048729265562757747,0.003331632354869896,0.00430621766612505,50,0.95
S4 run-to-failure capacity 10,10.0,0.0,share_under_repair_M1,0.18749912258029344,0.0010449780782755356,0.18645414450201792,0.18854410065856897,50,0.95
S4 run-to-failure capacity 10,10.0,0.0,availability_M2,0.8092238024945363,0.0008954398600268934,0.8083283626345094,0.8101192423545632,50,0.95
S4 run-to-failure capacity 10,10.0,0.0,repairs_M2,94.04,0.3976269513218398,93.64237304867817,94.43762695132185,50,0.95
S4 run-to-failure capacity 10,10.0,0.0,repairs_preventive_M2,0.0,0.0,0.0,0.0,50,0.95
S4 run-to-failure capacity 10,10.0,0.0,share_processing_M2,0.5049134953773196,0.0016004519754382303,0.5033130434018813,0.5065139473527578,50,0.95
S4 run-to-failure capacity 10,10.0,0.0,share_starved_M2,0.03465653300089434,0.0012281112023398999,0.033428421798554445,0.03588464420323424,50,0.95
S4 run-to-failure capacity 10,10.0,0.0,share_blocked_M2,0.2696537741163223,0.0024724233478164606,0.26718135076850585,0.27212619746413874,50,0.95
S4 run-to-failure capacity 10,10.0,0.0,share_awaiting_repair_M2,0.004138731307694038,0.0005186951166541447,0.0036200361910398936,0.0046574264243481826,50,0.95
S4 run-to-failure capacity 10,10.0,0.0,share_under_repair_M2,0.18663746619776977,0.000825711038694516,0.18581175515907525,0.1874631772364643,50,0.95
S4 run-to-failure capacity 10,10.0,0.0,availability_M3,0.5563012992304676,0.0016287796632826663,0.5546725195671849,0.5579300788937502,50,0.95
S4 run-to-failure capacity 10,10.0,0.0,repairs_M3,220.74,0.7763118231918315,219.96368817680818,221.51631182319184,50,0.95
S4 run-to-failure capacity 10,10.0,0.0,repairs_preventive_M3,0.0,0.0,0.0,0.0,50,0.95
S4 run-to-failure capacity 10,10.0,0.0,share_processing_M3,0.4934890627268044,0.0015724187568733465,0.491916643969931,0.49506148148367773,50,0.95
S4 run-to-failure capacity 10,10.0,0.0,share_starved_M3,0.033007192989972504,0.001219917022852349,0.03178727596712016,0.03422711001282485,50,0.95
S4 run-to-failure capacity 10,10.0,0.0,share_blocked_M3,0.02980504351369075,0.0009749874899984478,0.0288300560236923,0.030780031003689198,50,0.95
S4 run-to-failure capacity 10,10.0,0.0,share_awaiting_repair_M3,0.00559735378641517,0.0006058391350241247,0.004991514651391045,0.006203192921439295,50,0.95
S4 run-to-failure capacity 10,10.0,0.0,share_under_repair_M3,0.43810134698311726,0.0015379649694348982,0.43656338201368233,0.4396393119525522,50,0.95
S4 run-to-failure capacity 10,10.0,0.0,availability_M4,0.8097638349331575,0.0013706468014200576,0.8083931881317374,0.8111344817345776,50,0.95
S4 run-to-failure capacity 10,10.0,0.0,repairs_M4,93.94,0.6429871742715448,93.29701282572846,94.58298717427154,50,0.95
S4 run-to-failure capacity 10,10.0,0.0,repairs_preventive_M4,0.0,0.0,0.0,0.0,50,0.95
S4 run-to-failure capacity 10,10.0,0.0,share_processing_M4,0.4822202256750666,0.0016189571854698678,0.4806012684895967,0.4838391828605365,50,0.95
S4 run-to-failure capacity 10,10.0,0.0,share_starved_M4,0.290037259682573,0.0027922286392427676,0.2872450310433302,0.29282948832181577,50,0.95
S4 run-to-failure capacity 10,10.0,0.0,share_blocked_M4,0.037506349575517905,0.0014892831316440029,0.0360170664438739,0.03899563270716191,50,0.95
S4 run-to-failure capacity 10,10.0,0.0,share_awaiting_repair_M4,0.003888488463383649,0.0005100572477201916,0.0033784312156634575,0.004398545711103841,50,0.95
S4 run-to-failure capacity 10,10.0,0.0,share_under_repair_M4,0.18634767660345883,0.0012385027894619533,0.18510917381399689,0.18758617939292077,50,0.95
S4 run-to-failure capacity 10,10.0,0.0,availability_M5,0.8077455029757488,0.0010254726763129797,0.8067200302994357,0.8087709756520618,50,0.95
S4 run-to-failure capacity 10,10.0,0.0,repairs_M5,94.66,0.5218582303915427,94.13814176960845,95.18185823039154,50,0.95
S4 run-to-failure capacity 10,10.0,0.0,repairs_preventive_M5,0.0,0.0,0.0,0.0,50,0.95
S4 run-to-failure capacity 10,10.0,0.0,share_processing_M5,0.4775165292085016,0.0015552210622818742,0.4759613081462197,0.47907175027078347,50,0.95
S4 run-to-failure capacity 10,10.0,0.0,share_starved_M5,0.3000664388083293,0.0027149688707848027,0.29735146993754447,0.3027814076791141,50,0.95
S4 run-to-failure capacity 10,10.0,0.0,share_blocked_M5,0.03016253495891791,0.0012433745425040157,0.028919160416413896,0.03140590950142193,50,0.95
S4 run-to-failure capacity 10,10.0,0.0,share_awaiting_repair_M5,0.004443551075804099,0.0005315491697402986,0.0039120019060638,0.004975100245544397,50,0.95
S4 run-to-failure capacity 10,10.0,0.0,share_under_repair_M5,0.1878109459484471,0.0010182878936964908,0.18679265805475062,0.1888292338421436,50,0.95
S4 run-to-failure capacity 10,10.0,0.0,availability_M6,0.8093244943246597,0.0011447184933502605,0.8081797758313094,0.81046921281801,50,0.95
S4 run-to-failure capacity 10,10.0,0.0,repairs_M6,94.1,0.5301312675497082,93.56986873245029,94.6301312675497,50,0.95
S4 run-to-failure capacity 10,10.0,0.0,repairs_preventive_M6,0.0,0.0,0.0,0.0,50,0.95
S4 run-to-failure capacity 10,10.0,0.0,share_processing_M6,0.4730359441137487,0.001534099463188349,0.4715018446505604,0.47457004357693705,50,0.95
S4 run-to-failure capacity 10,10.0,0.0,share_starved_M6,0.33628855021091103,0.0017136945960323196,0.3345748556148787,0.33800224480694335,50,0.95
S4 run-to-failure capacity 10,10.0,0.0,share_blocked_M6,0.0,0.0,0.0,0.0,50,0.95
S4 run-to-failure capacity 10,10.0,0.0,share_awaiting_repair_M6,0.003990278718183116,0.0006022777432784175,0.0033880009749046986,0.004592556461461533,50,0.95
S4 run-to-failure capacity 10,10.0,0.0,share_under_repair_M6,0.18668522695715709,0.001047095742652623,0.18563813121450445,0.18773232269980972,50,0.95
S4 run-to-failure capacity 10,10.0,0.0,availability_mean,0.766840147727963,0.0005404656873000363,0.766299682040663,0.7673806134152631,50,0.95
S4 run-to-failure capacity 10,10.0,0.0,repairs_mean,115.34000000000002,0.2300561602816254,115.1099438397184,115.57005616028164,50,0.95
S4 run-to-failure capacity 10,10.0,0.0,repairs_preventive_mean,0.0,0.0,0.0,0.0,50,0.95
S4 run-to-failure capacity 15,15.0,0.0,parts_produced,5141.9,13.20443826440126,5128.695561735598,5155.104438264401,50,0.95
S4 run-to-failure capacity 15,15.0,0.0,throughput_per_h,0.5101091269841269,0.0013099641135318756,0.508799162870595,0.5114190910976588,50,0.95
S4 run-to-failure capacity 15,15.0,0.0,mean_lead_time_h,66.95556123920808,0.30822590022581553,66.64733533898226,67.2637871394339,50,0.95
S4 run-to-failure capacity 15,15.0,0.0,mean_wip_parts,32.112807733796615,0.14799176384723572,31.964815969949377,32.26079949764385,50,0.95
S4 run-to-failure capacity 15,15.0,0.0,parts_scrapped,461.22,3.3129283194959163,457.9070716805041,464.53292831949597,50,0.95
S4 run-to-failure capacity 15,15.0,0.0,mean_quality,0.6011770697799576,0.0010100211991458407,0.6001670485808117,0.6021870909791034,50,0.95
S4 run-to-failure capacity 15,15.0,0.0,std_quality,0.12193985784575703,0.00109844462262432,0.12084141322313272,0.12303830246838135,50,0.95
S4 run-to-failure capacity 15,15.0,0.0,failures_while_processing,461.22,3.3129283194959163,457.9070716805041,464.53292831949597,50,0.95
S4 run-to-failure capacity 15,15.0,0.0,failures_while_starved,140.76,2.9693568880219696,137.79064311197803,143.72935688802195,50,0.95
S4 run-to-failure capacity 15,15.0,0.0,failures_while_blocked,90.14,2.1064946933116078,88.0335053066884,92.2464946933116,50,0.95
S4 run-to-failure capacity 15,15.0,0.0,alarms_true,0.0,0.0,0.0,0.0,50,0.95
S4 run-to-failure capacity 15,15.0,0.0,alarms_false,0.0,0.0,0.0,0.0,50,0.95
S4 run-to-failure capacity 15,15.0,0.0,availability_M1,0.8086819524092091,0.001129024333207267,0.8075529280760019,0.8098109767424164,50,0.95
S4 run-to-failure capacity 15,15.0,0.0,repairs_M1,94.56,0.5235925596336716,94.03640744036633,95.08359255963367,50,0.95
S4 run-to-failure capacity 15,15.0,0.0,repairs_preventive_M1,0.0,0.0,0.0,0.0,50,0.95
S4 run-to-failure capacity 15,15.0,0.0,share_processing_M1,0.5531590401600063,0.0014498067939589614,0.5517092333660473,0.5546088469539653,50,0.95
S4 run-to-failure capacity 15,15.0,0.0,share_starved_M1,0.0,0.0,0.0,0.0,50,0.95
S4 run-to-failure capacity 15,15.0,0.0,share_blocked_M1,0.25552291224920276,0.0016174988482417878,0.25390541340096096,0.25714041109744457,50,0.95
S4 run-to-failure capacity 15,15.0,0.0,share_awaiting_repair_M1,0.003818925010497473,0.00048729265562757747,0.003331632354869896,0.00430621766612505,50,0.95
S4 run-to-failure capacity 15,15.0,0.0,share_under_repair_M1,0.18749912258029344,0.0010449780782755356,0.18645414450201792,0.18854410065856897,50,0.95
S4 run-to-failure capacity 15,15.0,0.0,availability_M2,0.8092238024945363,0.0008954398600268934,0.8083283626345094,0.8101192423545632,50,0.95
S4 run-to-failure capacity 15,15.0,0.0,repairs_M2,94.04,0.3976269513218398,93.64237304867817,94.43762695132185,50,0.95
S4 run-to-failure capacity 15,15.0,0.0,repairs_preventive_M2,0.0,0.0,0.0,0.0,50,0.95
S4 run-to-failure capacity 15,15.0,0.0,share_processing_M2,0.5478149149414652,0.001395081158198025,0.5464198337832672,0.5492099960996631,50,0.95
S4 run-to-failure capacity 15,15.0,0.0,share_starved_M2,0.013651189135865356,0.0006727612925921808,0.012978427843273176,0.014323950428457537,50,0.95
S4 run-to-failure capacity 15,15.0,0.0,share_blocked_M2,0.24775769841720569,0.001941564079417211,0.24581613433778848,0.2496992624966229,50,0.95
S4 run-to-failure capacity 15,15.0,0.0,share_awaiting_repair_M2,0.004138731307694038,0.0005186951166541447,0.0036200361910398936,0.0046574264243481826,50,0.95
S4 run-to-failure capacity 15,15.0,0.0,share_under_repair_M2,0.18663746619776977,0.000825711038694516,0.18581175515907525,0.1874631772364643,50,0.95
S4 run-to-failure capacity 15,15.0,0.0,availability_M3,0.5563012992304676,0.0016287796632826663,0.5546725195671849,0.5579300788937502,50,0.95
S4 run-to-failure capacity 15,15.0,0.0,repairs_M3,220.74,0.7763118231918315,219.96368817680818,221.51631182319184,50,0.95
S4 run-to-failure capacity 15,15.0,0.0,repairs_preventive_M3,0.0,0.0,0.0,0.0,50,0.95
S4 run-to-failure capacity 15,15.0,0.0,share_processing_M3,0.5351378876162382,0.0013937906919246372,0.5337440969243135,0.5365316783081628,50,0.95
S4 run-to-failure capacity 15,15.0,0.0,share_starved_M3,0.011766049035007203,0.0006668681269119161,0.011099180908095287,0.012432917161919119,50,0.95
S4 run-to-failure capacity 15,15.0,0.0,share_blocked_M3,0.009397362579222183,0.0005025242028531637,0.00889483837636902,0.009899886782075347,50,0.95
S4 run-to-failure capacity 15,15.0,0.0,share_awaiting_repair_M3,0.00559735378641517,0.0006058391350241247,0.004991514651391045,0.006203192921439295,50,0.95
S4 run-to-failure capacity 15,15.0,0.0,share_under_repair_M3,0.43810134698311726,0.0015379649694348982,0.43656338201368233,0.4396393119525522,50,0.95
S4 run-to-failure capacity 15,15.0,0.0,availability_M4,0.8097638349331575,0.0013706468014200576,0.8083931881317374,0.8111344817345776,50,0.95
S4 run-to-failure capacity 15,15.0,0.0,repairs_M4,93.94,0.6429871742715448,93.29701282572846,94.58298717427154,50,0.95
S4 run-to-failure capacity 15,15.0,0.0,repairs_preventive_M4,0.0,0.0,0.0,0.0,50,0.95
S4 run-to-failure capacity 15,15.0,0.0,share_processing_M4,0.5225016797617468,0.0014215011624671699,0.5210801785992796,0.523923180924214,50,0.95
S4 run-to-failure capacity 15,15.0,0.0,share_starved_M4,0.27610781937373435,0.00200338512446025,0.2741044342492741,0.2781112044981946,50,0.95
S4 run-to-failure capacity 15,15.0,0.0,share_blocked_M4,0.011154335797676308,0.000562166583204332,0.010592169214471977,0.01171650238088064,50,0.95
S4 run-to-failure capacity 15,15.0,0.0,share_awaiting_repair_M4,0.003888488463383649,0.0005100572477201916,0.0033784312156634575,0.004398545711103841,50,0.95
S4 run-to-failure capacity 15,15.0,0.0,share_under_repair_M4,0.18634767660345883,0.0012385027894619533,0.18510917381399689,0.18758617939292077,50,0.95
S4 run-to-failure capacity 15,15.0,0.0,availability_M5,0.8077455029757488,0.0010254726763129797,0.8067200302994357,0.8087709756520618,50,0.95
S4 run-to-failure capacity 15,15.0,0.0,repairs_M5,94.66,0.5218582303915427,94.13814176960845,95.18185823039154,50,0.95
S4 run-to-failure capacity 15,15.0,0.0,repairs_preventive_M5,0.0,0.0,0.0,0.0,50,0.95
S4 run-to-failure capacity 15,15.0,0.0,share_processing_M5,0.517475799532629,0.0013699925464900065,0.5161058069861391,0.518845792079119,50,0.95
S4 run-to-failure capacity 15,15.0,0.0,share_starved_M5,0.28005838144565787,0.002076415757281241,0.27798196568837663,0.2821347972029391,50,0.95
S4 run-to-failure capacity 15,15.0,0.0,share_blocked_M5,0.010211321997461928,0.000627721156118662,0.009583600841343265,0.01083904315358059,50,0.95
S4 run-to-failure capacity 15,15.0,0.0,share_awaiting_repair_M5,0.004443551075804099,0.0005315491697402986,0.0039120019060638,0.004975100245544397,50,0.95
S4 run-to-failure capacity 15,15.0,0.0,share_under_repair_M5,0.1878109459484471,0.0010182878936964908,0.18679265805475062,0.1888292338421436,50,0.95
S4 run-to-failure capacity 15,15.0,0.0,availability_M6,0.8093244943246597,0.0011447184933502605,0.8081797758313094,0.81046921281801,50,0.95
S4 run-to-failure capacity 15,15.0,0.0,repairs_M6,94.1,0.5301312675497082,93.56986873245029,94.6301312675497,50,0.95
S4 run-to-failure capacity 15,15.0,0.0,repairs_preventive_M6,0.0,0.0,0.0,0.0,50,0.95
S4 run-to-failure capacity 15,15.0,0.0,share_processing_M6,0.5125744741919048,0.0013367927421912063,0.5112376814497136,0.5139112669340961,50,0.95
S4 run-to-failure capacity 15,15.0,0.0,share_starved_M6,0.2967500201327549,0.0013698051991013788,0.2953802149336535,0.2981198253318563,50,0.95
S4 run-to-failure capacity 15,15.0,0.0,share_blocked_M6,0.0,0.0,0.0,0.0,50,0.95
S4 run-to-failure capacity 15,15.0,0.0,share_awaiting_repair_M6,0.003990278718183116,0.0006022777432784175,0.0033880009749046986,0.004592556461461533,50,0.95
S4 run-to-failure capacity 15,15.0,0.0,share_under_repair_M6,0.18668522695715709,0.001047095742652623,0.18563813121450445,0.18773232269980972,50,0.95
S4 run-to-failure capacity 15,15.0,0.0,availability_mean,0.766840147727963,0.0005404656873000363,0.766299682040663,0.7673806134152631,50,0.95
S4 run-to-failure capacity 15,15.0,0.0,repairs_mean,115.34000000000002,0.2300561602816254,115.1099438397184,115.57005616028164,50,0.95
S4 run-to-failure capacity 15,15.0,0.0,repairs_preventive_mean,0.0,0.0,0.0,0.0,50,0.95
S4 run-to-failure capacity 20,20.0,0.0,parts_produced,5332.82,16.127549002405356,5316.692450997594,5348.947549002405,50,0.95
S4 run-to-failure capacity 20,20.0,0.0,throughput_per_h,0.5290496031746031,0.0015999552581751292,0.527449647916428,0.5306495584327783,50,0.95
S4 run-to-failure capacity 20,20.0,0.0,mean_lead_time_h,82.40591555488064,0.4050401288445811,82.00087542603606,82.81095568372521,50,0.95
S4 run-to-failure capacity 20,20.0,0.0,mean_wip_parts,42.17390908801379,0.17129567550570193,42.00261341250808,42.34520476351949,50,0.95
S4 run-to-failure capacity 20,20.0,0.0,parts_scrapped,485.26,3.2862120086805278,481.97378799131945,488.5462120086805,50,0.95
S4 run-to-failure capacity 20,20.0,0.0,mean_quality,0.5991298100783422,0.000978016764091109,0.5981517933142511,0.6001078268424334,50,0.95
S4 run-to-failure capacity 20,20.0,0.0,std_quality,0.12137147245468638,0.001049277585848456,0.12032219486883793,0.12242075004053483,50,0.95
S4 run-to-failure capacity 20,20.0,0.0,failures_while_processing,485.26,3.2862120086805278,481.97378799131945,488.5462120086805,50,0.95
S4 run-to-failure capacity 20,20.0,0.0,failures_while_starved,128.08,2.8511408517652868,125.22885914823473,130.9311408517653,50,0.95
S4 run-to-failure capacity 20,20.0,0.0,failures_while_blocked,78.78,2.140093170210884,76.63990682978911,80.92009317021089,50,0.95
S4 run-to-failure capacity 20,20.0,0.0,alarms_true,0.0,0.0,0.0,0.0,50,0.95
S4 run-to-failure capacity 20,20.0,0.0,alarms_false,0.0,0.0,0.0,0.0,50,0.95
S4 run-to-failure capacity 20,20.0,0.0,availability_M1,0.8086819524092091,0.001129024333207267,0.8075529280760019,0.8098109767424164,50,0.95
S4 run-to-failure capacity 20,20.0,0.0,repairs_M1,94.56,0.5235925596336716,94.03640744036633,95.08359255963367,50,0.95
S4 run-to-failure capacity 20,20.0,0.0,repairs_preventive_M1,0.0,0.0,0.0,0.0,50,0.95
S4 run-to-failure capacity 20,20.0,0.0,share_processing_M1,0.5744091638059173,0.0017069060017349956,0.5727022578041824,0.5761160698076523,50,0.95
S4 run-to-failure capacity 20,20.0,0.0,share_starved_M1,0.0,0.0,0.0,0.0,50,0.95
S4 run-to-failure capacity 20,20.0,0.0,share_blocked_M1,0.2342727886032917,0.0018810550552771123,0.2323917335480146,0.2361538436585688,50,0.95
S4 run-to-failure capacity 20,20.0,0.0,share_awaiting_repair_M1,0.003818925010497473,0.00048729265562757747,0.003331632354869896,0.00430621766612505,50,0.95
S4 run-to-failure capacity 20,20.0,0.0,share_under_repair_M1,0.18749912258029344,0.0010449780782755356,0.18645414450201792,0.18854410065856897,50,0.95
S4 run-to-failure capacity 20,20.0,0.0,availability_M2,0.8092238024945363,0.0008954398600268934,0.8083283626345094,0.8101192423545632,50,0.95
S4 run-to-failure capacity 20,20.0,0.0,repairs_M2,94.04,0.3976269513218398,93.64237304867817,94.43762695132185,50,0.95
S4 run-to-failure capacity 20,20.0,0.0,repairs_preventive_M2,0.0,0.0,0.0,0.0,50,0.95
S4 run-to-failure capacity 20,20.0,0.0,share_processing_M2,0.568891791430388,0.001603673753904859,0.5672881176764831,0.570495465184293,50,0.95
S4 run-to-failure capacity 20,20.0,0.0,share_starved_M2,0.0013087354185064607,0.00018060922704909687,0.0011281261914573638,0.0014893446455555577,50,0.95
S4 run-to-failure capacity 20,20.0,0.0,share_blocked_M2,0.23902327564564171,0.001970034089384262,0.23705324155625745,0.24099330973502597,50,0.95
S4 run-to-failure capacity 20,20.0,0.0,share_awaiting_repair_M2,0.004138731307694038,0.0005186951166541447,0.0036200361910398936,0.0046574264243481826,50,0.95
S4 run-to-failure capacity 20,20.0,0.0,share_under_repair_M2,0.18663746619776977,0.000825711038694516,0.18581175515907525,0.1874631772364643,50,0.95
S4 run-to-failure capacity 20,20.0,0.0,availability_M3,0.5563012992304676,0.0016287796632826663,0.5546725195671849,0.5579300788937502,50,0.95
S4 run-to-failure capacity 20,20.0,0.0,repairs_M3,220.74,0.7763118231918315,219.96368817680818,221.51631182319184,50,0.95
S4 run-to-failure capacity 20,20.0,0.0,repairs_preventive_M3,0.0,0.0,0.0,0.0,50,0.95
S4 run-to-failure capacity 20,20.0,0.0,share_processing_M3,0.5553807833262785,0.0016236942034328794,0.5537570891228456,0.5570044775297114,50,0.95
S4 run-to-failure capacity 20,20.0,0.0,share_starved_M3,0.0008355664818332058,9.776558723274164e-05,0.0007378008946004641,0.0009333320690659474,50,0.95
S4 run-to-failure capacity 20,20.0,0.0,share_blocked_M3,8.494942235597185e-05,5.466051776944754e-05,3.0288904586524317e-05,0.0001396099401254194,50,0.95
S4 run-to-failure capacity 20,20.0,0.0,share_awaiting_repair_M3,0.00559735378641517,0.0006058391350241247,0.004991514651391045,0.006203192921439295,50,0.95
S4 run-to-failure capacity 20,20.0,0.0,share_under_repair_M3,0.43810134698311726,0.0015379649694348982,0.43656338201368233,0.4396393119525522,50,0.95
S4 run-to-failure capacity 20,20.0,0.0,availability_M4,0.8097638349331575,0.0013706468014200576,0.8083931881317374,0.8111344817345776,50,0.95
S4 run-to-failure capacity 20,20.0,0.0,repairs_M4,93.94,0.6429871742715448,93.29701282572846,94.58298717427154,50,0.95
S4 run-to-failure capacity 20,20.0,0.0,repairs_preventive_M4,0.0,0.0,0.0,0.0,50,0.95
S4 run-to-failure capacity 20,20.0,0.0,share_processing_M4,0.5419500961408689,0.00165114134950964,0.5402989547913593,0.5436012374903785,50,0.95
S4 run-to-failure capacity 20,20.0,0.0,share_starved_M4,0.26735999656277437,0.0021697216305380743,0.2651902749322363,0.26952971819331245,50,0.95
S4 run-to-failure capacity 20,20.0,0.0,share_blocked_M4,0.0004537422295141895,0.00016161772792831305,0.0002921245015858764,0.0006153599574425026,50,0.95
S4 run-to-failure capacity 20,20.0,0.0,share_awaiting_repair_M4,0.003888488463383649,0.0005100572477201916,0.0033784312156634575,0.004398545711103841,50,0.95
S4 run-to-failure capacity 20,20.0,0.0,share_under_repair_M4,0.18634767660345883,0.0012385027894619533,0.18510917381399689,0.18758617939292077,50,0.95
S4 run-to-failure capacity 20,20.0,0.0,availability_M5,0.8077455029757488,0.0010254726763129797,0.8067200302994357,0.8087709756520618,50,0.95
S4 run-to-failure capacity 20,20.0,0.0,repairs_M5,94.66,0.5218582303915427,94.13814176960845,95.18185823039154,50,0.95
S4 run-to-failure capacity 20,20.0,0.0,repairs_preventive_M5,0.0,0.0,0.0,0.0,50,0.95
S4 run-to-failure capacity 20,20.0,0.0,share_processing_M5,0.5367339868148088,0.001615951889481664,0.5351180349253271,0.5383499387042905,50,0.95
S4 run-to-failure capacity 20,20.0,0.0,share_starved_M5,0.27068718999768093,0.0019205741140283466,0.2687666158836526,0.2726077641117093,50,0.95
S4 run-to-failure capacity 20,20.0,0.0,share_blocked_M5,0.00032432616325910957,0.00014381314004627773,0.00018051302321283184,0.00046813930330538733,50,0.95
S4 run-to-failure capacity 20,20.0,0.0,share_awaiting_repair_M5,0.004443551075804099,0.0005315491697402986,0.0039120019060638,0.004975100245544397,50,0.95
S4 run-to-failure capacity 20,20.0,0.0,share_under_repair_M5,0.1878109459484471,0.0010182878936964908,0.18679265805475062,0.1888292338421436,50,0.95
S4 run-to-failure capacity 20,20.0,0.0,availability_M6,0.8093244943246597,0.0011447184933502605,0.8081797758313094,0.81046921281801,50,0.95
S4 run-to-failure capacity 20,20.0,0.0,repairs_M6,94.1,0.5301312675497082,93.56986873245029,94.6301312675497,50,0.95
S4 run-to-failure capacity 20,20.0,0.0,repairs_preventive_M6,0.0,0.0,0.0,0.0,50,0.95
S4 run-to-failure capacity 20,20.0,0.0,share_processing_M6,0.5316119929367585,0.0016116456732640939,0.5300003472634944,0.5332236386100226,50,0.95
S4 run-to-failure capacity 20,20.0,0.0,share_starved_M6,0.27771250138790127,0.0014708833755925097,0.27624161801230873,0.2791833847634938,50,0.95
S4 run-to-failure capacity 20,20.0,0.0,share_blocked_M6,0.0,0.0,0.0,0.0,50,0.95
S4 run-to-failure capacity 20,20.0,0.0,share_awaiting_repair_M6,0.003990278718183116,0.0006022777432784175,0.0033880009749046986,0.004592556461461533,50,0.95
S4 run-to-failure capacity 20,20.0,0.0,share_under_repair_M6,0.18668522695715709,0.001047095742652623,0.18563813121450445,0.18773232269980972,50,0.95
S4 run-to-failure capacity 20,20.0,0.0,availability_mean,0.766840147727963,0.0005404656873000363,0.766299682040663,0.7673806134152631,50,0.95
S4 run-to-failure capacity 20,20.0,0.0,repairs_mean,115.34000000000002,0.2300561602816254,115.1099438397184,115.57005616028164,50,0.95
S4 run-to-failure capacity 20,20.0,0.0,repairs_preventive_mean,0.0,0.0,0.0,0.0,50,0.95
S4 condition-based capacity 0,0.0,1.0,parts_produced,6644.62,10.705184664223665,6633.914815335776,6655.325184664223,50,0.95
S4 condition-based capacity 0,0.0,1.0,throughput_per_h,0.6591884920634922,0.0010620222881174235,0.6581264697753747,0.6602505143516096,50,0.95
S4 condition-based capacity 0,0.0,1.0,mean_lead_time_h,7.496687090297417,0.007775375291665538,7.488911715005751,7.504462465589083,50,0.95
S4 condition-based capacity 0,0.0,1.0,mean_wip_parts,0.0,0.0,0.0,0.0,50,0.95
S4 condition-based capacity 0,0.0,1.0,parts_scrapped,0.04,0.05625638777941879,-0.01625638777941879,0.09625638777941879,50,0.95
S4 condition-based capacity 0,0.0,1.0,mean_quality,0.8072773998823959,0.00037406048590648937,0.8069033393964894,0.8076514603683024,50,0.95
S4 condition-based capacity 0,0.0,1.0,std_quality,0.06087160282616089,0.0002974930584345684,0.06057410976772632,0.06116909588459545,50,0.95
S4 condition-based capacity 0,0.0,1.0,failures_while_processing,0.04,0.05625638777941879,-0.01625638777941879,0.09625638777941879,50,0.95
S4 condition-based capacity 0,0.0,1.0,failures_while_starved,0.0,0.0,0.0,0.0,50,0.95
S4 condition-based capacity 0,0.0,1.0,failures_while_blocked,0.0,0.0,0.0,0.0,50,0.95
S4 condition-based capacity 0,0.0,1.0,alarms_true,1718.68,4.047528839395544,1714.6324711606046,1722.7275288393955,50,0.95
S4 condition-based capacity 0,0.0,1.0,alarms_false,0.0,0.0,0.0,0.0,50,0.95
S4 condition-based capacity 0,0.0,1.0,availability_M1,0.9451894841269842,0.0003900302826445558,0.9447994538443397,0.9455795144096287,50,0.95
S4 condition-based capacity 0,0.0,1.0,repairs_M1,218.64,1.519920519398818,217.12007948060116,220.1599205193988,50,0.95
S4 condition-based capacity 0,0.0,1.0,repairs_preventive_M1,218.64,1.519920519398818,217.12007948060116,220.1599205193988,50,0.95
S4 condition-based capacity 0,0.0,1.0,share_processing_M1,0.659154761904762,0.0010598188416418841,0.6580949430631201,0.6602145807464038,50,0.95
S4 condition-based capacity 0,0.0,1.0,share_starved_M1,0.0,0.0,0.0,0.0,50,0.95
S4 condition-based capacity 0,0.0,1.0,share_blocked_M1,0.2860347222222222,0.001082888152582187,0.28495183406964003,0.2871176103748044,50,0.95
S4 condition-based capacity 0,0.0,1.0,share_awaiting_repair_M1,0.0,0.0,0.0,0.0,50,0.95
S4 condition-based capacity 0,0.0,1.0,share_under_repair_M1,0.05481051587301588,0.0003900302826445559,0.054420485590371326,0.05520054615566043,50,0.95
S4 condition-based capacity 0,0.0,1.0,availability_M2,0.945580357142857,0.00031088321738277527,0.9452694739254742,0.9458912403602399,50,0.95
S4 condition-based capacity 0,0.0,1.0,repairs_M2,217.22,1.184073909434421,216.03592609056557,218.40407390943443,50,0.95
S4 condition-based capacity 0,0.0,1.0,repairs_preventive_M2,217.22,1.184073909434421,216.03592609056557,218.40407390943443,50,0.95
S4 condition-based capacity 0,0.0,1.0,share_processing_M2,0.6591527777777779,0.0010571216857784753,0.6580956560919995,0.6602098994635563,50,0.95
S4 condition-based capacity 0,0.0,1.0,share_starved_M2,0.03646825396825397,0.0005261166285602038,0.035942137339693765,0.03699437059681417,50,0.95
S4 condition-based capacity 0,0.0,1.0,share_blocked_M2,0.2499593253968254,0.001091514548827825,0.24886781084799756,0.2510508399456532,50,0.95
S4 condition-based capacity 0,0.0,1.0,share_awaiting_repair_M2,0.0,0.0,0.0,0.0,50,0.95
S4 condition-based capacity 0,0.0,1.0,share_under_repair_M2,0.054419642857142854,0.00031088321738277565,0.05410875963976008,0.05473052607452563,50,0.95
S4 condition-based capacity 0,0.0,1.0,availability_M3,0.8174781746031745,0.0008166012303655741,0.816661573372809,0.81829477583354,50,0.95
S4 condition-based capacity 0,0.0,1.0,repairs_M3,629.42,3.1264764824433295,626.2935235175567,632.5464764824433,50,0.95
S4 condition-based capacity 0,0.0,1.0,repairs_preventive_M3,629.38,3.138473952092551,626.2415260479074,632.5184739520926,50,0.95
S4 condition-based capacity 0,0.0,1.0,share_processing_M3,0.6591538834055762,0.0010555017282714407,0.6580983816773048,0.6602093851338476,50,0.95
S4 condition-based capacity 0,0.0,1.0,share_starved_M3,0.06490327466470919,0.0006425279013494565,0.06426074676335973,0.06554580256605864,50,0.95
S4 condition-based capacity 0,0.0,1.0,share_blocked_M3,0.09342101653288915,0.0008148351038744206,0.09260618142901472,0.09423585163676357,50,0.95
S4 condition-based capacity 0,0.0,1.0,share_awaiting_repair_M3,0.0,0.0,0.0,0.0,50,0.95
S4 condition-based capacity 0,0.0,1.0,share_under_repair_M3,0.1825218253968254,0.0008166012303655748,0.18170522416645982,0.183338426627191,50,0.95
S4 condition-based capacity 0,0.0,1.0,availability_M4,0.9455962301587303,0.0003374688856970597,0.9452587612730332,0.9459336990444274,50,0.95
S4 condition-based capacity 0,0.0,1.0,repairs_M4,217.44,1.3817691935574414,216.05823080644257,218.82176919355743,50,0.95
S4 condition-based capacity 0,0.0,1.0,repairs_preventive_M4,217.44,1.3817691935574414,216.05823080644257,218.82176919355743,50,0.95
S4 condition-based capacity 0,0.0,1.0,share_processing_M4,0.659154761904762,0.0010546093153614563,0.6581001525894005,0.6602093712201235,50,0.95
S4 condition-based capacity 0,0.0,1.0,share_starved_M4,0.2155515873015873,0.0011125232003613955,0.2144390641012259,0.2166641105019487,50,0.95
S4 condition-based capacity 0,0.0,1.0,share_blocked_M4,0.07088988095238095,0.0007347992412632267,0.07015508171111773,0.07162468019364418,50,0.95
S4 condition-based capacity 0,0.0,1.0,share_awaiting_repair_M4,0.0,0.0,0.0,0.0,50,0.95
S4 condition-based capacity 0,0.0,1.0,share_under_repair_M4,0.05440376984126985,0.00033746888569706154,0.054066300955572785,0.054741238726966915,50,0.95
S4 condition-based capacity 0,0.0,1.0,availability_M5,0.9452093253968255,0.0003272776749292893,0.9448820477218962,0.9455366030717547,50,0.95
S4 condition-based capacity 0,0.0,1.0,repairs_M5,218.64,1.2484081297265495,217.39159187027343,219.88840812972654,50,0.95
S4 condition-based capacity 0,0.0,1.0,repairs_preventive_M5,218.64,1.2484081297265495,217.39159187027343,219.88840812972654,50,0.95
S4 condition-based capacity 0,0.0,1.0,share_processing_M5,0.6591686507936508,0.001055390462220617,0.6581132603314302,0.6602240412558714,50,0.95
S4 condition-based capacity 0,0.0,1.0,share_starved_M5,0.24981051587301586,0.0010774720476201725,0.24873304382539568,0.25088798792063605,50,0.95
S4 condition-based capacity 0,0.0,1.0,share_blocked_M5,0.03623015873015873,0.0005620888939491037,0.035668069836209626,0.036792247624107835,50,0.95
S4 condition-based capacity 0,0.0,1.0,share_awaiting_repair_M5,0.0,0.0,0.0,0.0,50,0.95
S4 condition-based capacity 0,0.0,1.0,share_under_repair_M5,0.054790674603174605,0.0003272776749292921,0.05446339692824531,0.0551179522781039,50,0.95
S4 condition-based capacity 0,0.0,1.0,availability_M6,0.945546626984127,0.000327094220385129,0.9452195327637418,0.9458737212045121,50,0.95
S4 condition-based capacity 0,0.0,1.0,repairs_M6,217.32,1.2831513556885772,216.03684864431142,218.60315135568857,50,0.95
S4 condition-based capacity 0,0.0,1.0,repairs_preventive_M6,217.32,1.2831513556885772,216.03684864431142,218.60315135568857,50,0.95
S4 condition-based capacity 0,0.0,1.0,share_processing_M6,0.6591855158730159,0.001058653070786298,0.6581268628022295,0.6602441689438022,50,0.95
S4 condition-based capacity 0,0.0,1.0,share_starved_M6,0.28636111111111107,0.001047694471195115,0.28531341663991594,0.2874088055823062,50,0.95
S4 condition-based capacity 0,0.0,1.0,share_blocked_M6,0.0,0.0,0.0,0.0,50,0.95
S4 condition-based capacity 0,0.0,1.0,share_awaiting_repair_M6,0.0,0.0,0.0,0.0,50,0.95
S4 condition-based capacity 0,0.0,1.0,share_under_repair_M6,0.05445337301587301,0.0003270942203851286,0.054126278795487884,0.05478046723625814,50,0.95
S4 condition-based capacity 0,0.0,1.0,availability_mean,0.924100033068783,0.00017213554187510074,0.9239278975269078,0.9242721686106581,50,0.95
S4 condition-based capacity 0,0.0,1.0,repairs_mean,286.44666666666666,0.6749952589962321,285.77167140767045,287.12166192566286,50,0.95
S4 condition-based capacity 0,0.0,1.0,repairs_preventive_mean,286.44,0.6780624691033899,285.7619375308966,287.1180624691034,50,0.95
S4 condition-based capacity 1,1.0,1.0,parts_produced,7601.68,7.996244119510688,7593.68375588049,7609.676244119511,50,0.95
S4 condition-based capacity 1,1.0,1.0,throughput_per_h,0.7541349206349206,0.0007932781864593909,0.7533416424484612,0.75492819882138,50,0.95
S4 condition-based capacity 1,1.0,1.0,mean_lead_time_h,9.955798413633948,0.012653124961204161,9.943145288672744,9.968451538595152,50,0.95
S4 condition-based capacity 1,1.0,1.0,mean_wip_parts,2.315737140031352,0.007967973958835813,2.307769166072516,2.3237051139901874,50,0.95
S4 condition-based capacity 1,1.0,1.0,parts_scrapped,0.04,0.05625638777941879,-0.01625638777941879,0.09625638777941879,50,0.95
S4 condition-based capacity 1,1.0,1.0,mean_quality,0.8086617770488317,0.00036824763264096776,0.8082935294161907,0.8090300246814727,50,0.95
S4 condition-based capacity 1,1.0,1.0,std_quality,0.060747872110895856,0.0002935016695397521,0.060454370441356105,0.06104137378043561,50,0.95
S4 condition-based capacity 1,1.0,1.0,failures_while_processing,0.04,0.05625638777941879,-0.01625638777941879,0.09625638777941879,50,0.95
S4 condition-based capacity 1,1.0,1.0,failures_while_starved,0.0,0.0,0.0,0.0,50,0.95
S4 condition-based capacity 1,1.0,1.0,failures_while_blocked,0.0,0.0,0.0,0.0,50,0.95
S4 condition-based capacity 1,1.0,1.0,alarms_true,1718.68,4.047528839395544,1714.6324711606046,1722.7275288393955,50,0.95
S4 condition-based capacity 1,1.0,1.0,alarms_false,0.0,0.0,0.0,0.0,50,0.95
S4 condition-based capacity 1,1.0,1.0,availability_M1,0.9451894841269842,0.0003900302826445558,0.9447994538443397,0.9455795144096287,50,0.95
S4 condition-based capacity 1,1.0,1.0,repairs_M1,218.64,1.519920519398818,217.12007948060116,220.1599205193988,50,0.95
S4 condition-based capacity 1,1.0,1.0,repairs_preventive_M1,218.64,1.519920519398818,217.12007948060116,220.1599205193988,50,0.95
S4 condition-based capacity 1,1.0,1.0,share_processing_M1,0.7540892857142856,0.0007917347458457305,0.7532975509684399,0.7548810204601313,50,0.95
S4 condition-based capacity 1,1.0,1.0,share_starved_M1,0.0,0.0,0.0,0.0,50,0.95
S4 condition-based capacity 1,1.0,1.0,share_blocked_M1,0.1911001984126984,0.0008740231650324375,0.19022617524766597,0.19197422157773084,50,0.95
S4 condition-based capacity 1,1.0,1.0,share_awaiting_repair_M1,0.0,0.0,0.0,0.0,50,0.95
S4 condition-based capacity 1,1.0,1.0,share_under_repair_M1,0.05481051587301588,0.0003900302826445559,0.054420485590371326,0.05520054615566043,50,0.95
S4 condition-based capacity 1,1.0,1.0,availability_M2,0.945580357142857,0.00031088321738277527,0.9452694739254742,0.9458912403602399,50,0.95
S4 condition-based capacity 1,1.0,1.0,repairs_M2,217.22,1.184073909434421,216.03592609056557,218.40407390943443,50,0.95
S4 condition-based capacity 1,1.0,1.0,repairs_preventive_M2,217.22,1.184073909434421,216.03592609056557,218.40407390943443,50,0.95
S4 condition-based capacity 1,1.0,1.0,share_processing_M2,0.7540902777777777,0.0007888354828510159,0.7533014422949267,0.7548791132606287,50,0.95
S4 condition-based capacity 1,1.0,1.0,share_starved_M2,0.020748015873015873,0.0003272522701318036,0.02042076360288407,0.021075268143147675,50,0.95
S4 condition-based capacity 1,1.0,1.0,share_blocked_M2,0.1707420634920635,0.0008591843198874255,0.16988287917217607,0.17160124781195094,50,0.95
S4 condition-based capacity 1,1.0,1.0,share_awaiting_repair_M2,0.0,0.0,0.0,0.0,50,0.95
S4 condition-based capacity 1,1.0,1.0,share_under_repair_M2,0.054419642857142854,0.00031088321738277565,0.05410875963976008,0.05473052607452563,50,0.95
S4 condition-based capacity 1,1.0,1.0,availability_M3,0.8174781746031745,0.0008166012303655741,0.816661573372809,0.81829477583354,50,0.95
S4 condition-based capacity 1,1.0,1.0,repairs_M3,629.42,3.1264764824433295,626.2935235175567,632.5464764824433,50,0.95
S4 condition-based capacity 1,1.0,1.0,repairs_preventive_M3,629.38,3.138473952092551,626.2415260479074,632.5184739520926,50,0.95
S4 condition-based capacity 1,1.0,1.0,share_processing_M3,0.7541102326119254,0.0007869148041738442,0.7533233178077516,0.7548971474160993,50,0.95
S4 condition-based capacity 1,1.0,1.0,share_starved_M3,0.0291050451658523,0.00041501667216468425,0.028690028493687614,0.029520061838016986,50,0.95
S4 condition-based capacity 1,1.0,1.0,share_blocked_M3,0.03426289682539683,0.00046475233225996496,0.03379814449313686,0.0347276491576568,50,0.95
S4 condition-based capacity 1,1.0,1.0,share_awaiting_repair_M3,0.0,0.0,0.0,0.0,50,0.95
S4 condition-based capacity 1,1.0,1.0,share_under_repair_M3,0.1825218253968254,0.0008166012303655748,0.18170522416645982,0.183338426627191,50,0.95
S4 condition-based capacity 1,1.0,1.0,availability_M4,0.9455962301587303,0.0003374688856970597,0.9452587612730332,0.9459336990444274,50,0.95
S4 condition-based capacity 1,1.0,1.0,repairs_M4,217.44,1.3817691935574414,216.05823080644257,218.82176919355743,50,0.95
S4 condition-based capacity 1,1.0,1.0,repairs_preventive_M4,217.44,1.3817691935574414,216.05823080644257,218.82176919355743,50,0.95
S4 condition-based capacity 1,1.0,1.0,share_processing_M4,0.7541180555555554,0.0007874423935461699,0.7533306131620092,0.7549054979491017,50,0.95
S4 condition-based capacity 1,1.0,1.0,share_starved_M4,0.1602311507936508,0.0009947718695154238,0.15923637892413536,0.16122592266316624,50,0.95
S4 condition-based capacity 1,1.0,1.0,share_blocked_M4,0.031247023809523808,0.0005140246873198537,0.030732999122203956,0.031761048496843663,50,0.95
S4 condition-based capacity 1,1.0,1.0,share_awaiting_repair_M4,0.0,0.0,0.0,0.0,50,0.95
S4 condition-based capacity 1,1.0,1.0,share_under_repair_M4,0.05440376984126985,0.00033746888569706154,0.054066300955572785,0.054741238726966915,50,0.95
S4 condition-based capacity 1,1.0,1.0,availability_M5,0.9452093253968255,0.0003272776749292893,0.9448820477218962,0.9455366030717547,50,0.95
S4 condition-based capacity 1,1.0,1.0,repairs_M5,218.64,1.2484081297265495,217.39159187027343,219.88840812972654,50,0.95
S4 condition-based capacity 1,1.0,1.0,repairs_preventive_M5,218.64,1.2484081297265495,217.39159187027343,219.88840812972654,50,0.95
S4 condition-based capacity 1,1.0,1.0,share_processing_M5,0.7541299603174602,0.000786846367440905,0.7533431139500193,0.754916806684901,50,0.95
S4 condition-based capacity 1,1.0,1.0,share_starved_M5,0.1696299603174603,0.0009266316948793599,0.16870332862258094,0.17055659201233966,50,0.95
S4 condition-based capacity 1,1.0,1.0,share_blocked_M5,0.021449404761904763,0.0003285762694350964,0.021120828492469667,0.02177798103133986,50,0.95
S4 condition-based capacity 1,1.0,1.0,share_awaiting_repair_M5,0.0,0.0,0.0,0.0,50,0.95
S4 condition-based capacity 1,1.0,1.0,share_under_repair_M5,0.054790674603174605,0.0003272776749292921,0.05446339692824531,0.0551179522781039,50,0.95
S4 condition-based capacity 1,1.0,1.0,availability_M6,0.945546626984127,0.000327094220385129,0.9452195327637418,0.9458737212045121,50,0.95
S4 condition-based capacity 1,1.0,1.0,repairs_M6,217.32,1.2831513556885772,216.03684864431142,218.60315135568857,50,0.95
S4 condition-based capacity 1,1.0,1.0,repairs_preventive_M6,217.32,1.2831513556885772,216.03684864431142,218.60315135568857,50,0.95
S4 condition-based capacity 1,1.0,1.0,share_processing_M6,0.7541388888888888,0.0007923492070226451,0.7533465396818662,0.7549312380959114,50,0.95
S4 condition-based capacity 1,1.0,1.0,share_starved_M6,0.19140773809523806,0.0008397765312563793,0.19056796156398167,0.19224751462649445,50,0.95
S4 condition-based capacity 1,1.0,1.0,share_blocked_M6,0.0,0.0,0.0,0.0,50,0.95
S4 condition-based capacity 1,1.0,1.0,share_awaiting_repair_M6,0.0,0.0,0.0,0.0,50,0.95
S4 condition-based capacity 1,1.0,1.0,share_under_repair_M6,0.05445337301587301,0.0003270942203851286,0.054126278795487884,0.05478046723625814,50,0.95
S4 condition-based capacity 1,1.0,1.0,availability_mean,0.924100033068783,0.00017213554187510074,0.9239278975269078,0.9242721686106581,50,0.95
S4 condition-based capacity 1,1.0,1.0,repairs_mean,286.44666666666666,0.6749952589962321,285.77167140767045,287.12166192566286,50,0.95
S4 condition-based capacity 1,1.0,1.0,repairs_preventive_mean,286.44,0.6780624691033899,285.7619375308966,287.1180624691034,50,0.95
S4 condition-based capacity 2,2.0,1.0,parts_produced,8069.88,7.673774783232903,8062.206225216767,8077.553774783233,50,0.95
S4 condition-based capacity 2,2.0,1.0,throughput_per_h,0.8005833333333332,0.0007612871808762814,0.7998220461524569,0.8013446205142095,50,0.95
S4 condition-based capacity 2,2.0,1.0,mean_lead_time_h,12.24701729035487,0.02085802662154939,12.22615926373332,12.26787531697642,50,0.95
S4 condition-based capacity 2,2.0,1.0,mean_wip_parts,4.475229501931356,0.016410323492114083,4.458819178439241,4.49163982542347,50,0.95
S4 condition-based capacity 2,2.0,1.0,parts_scrapped,0.04,0.05625638777941879,-0.01625638777941879,0.09625638777941879,50,0.95
S4 condition-based capacity 2,2.0,1.0,mean_quality,0.8087496726924265,0.00037679835663528935,0.8083728743357912,0.8091264710490618,50,0.95
S4 condition-based capacity 2,2.0,1.0,std_quality,0.06061519584808113,0.0002860794007515403,0.06032911644732959,0.06090127524883267,50,0.95
S4 condition-based capacity 2,2.0,1.0,failures_while_processing,0.04,0.05625638777941879,-0.01625638777941879,0.09625638777941879,50,0.95
S4 condition-based capacity 2,2.0,1.0,failures_while_starved,0.0,0.0,0.0,0.0,50,0.95
S4 condition-based capacity 2,2.0,1.0,failures_while_blocked,0.0,0.0,0.0,0.0,50,0.95
S4 condition-based capacity 2,2.0,1.0,alarms_true,1718.68,4.047528839395544,1714.6324711606046,1722.7275288393955,50,0.95
S4 condition-based capacity 2,2.0,1.0,alarms_false,0.0,0.0,0.0,0.0,50,0.95
S4 condition-based capacity 2,2.0,1.0,availability_M1,0.9451894841269842,0.0003900302826445558,0.9447994538443397,0.9455795144096287,50,0.95
S4 condition-based capacity 2,2.0,1.0,repairs_M1,218.64,1.519920519398818,217.12007948060116,220.1599205193988,50,0.95
S4 condition-based capacity 2,2.0,1.0,repairs_preventive_M1,218.64,1.519920519398818,217.12007948060116,220.1599205193988,50,0.95
S4 condition-based capacity 2,2.0,1.0,share_processing_M1,0.800544642857143,0.0007652507084395598,0.7997793921487034,0.8013098935655826,50,0.95
S4 condition-based capacity 2,2.0,1.0,share_starved_M1,0.0,0.0,0.0,0.0,50,0.95
S4 condition-based capacity 2,2.0,1.0,share_blocked_M1,0.14464484126984128,0.0008286074158537982,0.14381623385398748,0.1454734486856951,50,0.95
S4 condition-based capacity 2,2.0,1.0,share_awaiting_repair_M1,0.0,0.0,0.0,0.0,50,0.95
S4 condition-based capacity 2,2.0,1.0,share_under_repair_M1,0.05481051587301588,0.0003900302826445559,0.054420485590371326,0.05520054615566043,50,0.95
S4 condition-based capacity 2,2.0,1.0,availability_M2,0.945580357142857,0.00031088321738277527,0.9452694739254742,0.9458912403602399,50,0.95
S4 condition-based capacity 2,2.0,1.0,repairs_M2,217.22,1.184073909434421,216.03592609056557,218.40407390943443,50,0.95
S4 condition-based capacity 2,2.0,1.0,repairs_preventive_M2,217.22,1.184073909434421,216.03592609056557,218.40407390943443,50,0.95
S4 condition-based capacity 2,2.0,1.0,share_processing_M2,0.8005595238095239,0.0007639062988141724,0.7997956175107097,0.8013234301083381,50,0.95
S4 condition-based capacity 2,2.0,1.0,share_starved_M2,0.006782738095238094,0.00017828828286245983,0.006604449812375635,0.006961026378100554,50,0.95
S4 condition-based capacity 2,2.0,1.0,share_blocked_M2,0.13823809523809524,0.0008351727956218019,0.13740292244247343,0.13907326803371706,50,0.95
S4 condition-based capacity 2,2.0,1.0,share_awaiting_repair_M2,0.0,0.0,0.0,0.0,50,0.95
S4 condition-based capacity 2,2.0,1.0,share_under_repair_M2,0.054419642857142854,0.00031088321738277565,0.05410875963976008,0.05473052607452563,50,0.95
S4 condition-based capacity 2,2.0,1.0,availability_M3,0.8174781746031745,0.0008166012303655741,0.816661573372809,0.81829477583354,50,0.95
S4 condition-based capacity 2,2.0,1.0,repairs_M3,629.42,3.1264764824433295,626.2935235175567,632.5464764824433,50,0.95
S4 condition-based capacity 2,2.0,1.0,repairs_preventive_M3,629.38,3.138473952092551,626.2415260479074,632.5184739520926,50,0.95
S4 condition-based capacity 2,2.0,1.0,share_processing_M3,0.800573526262719,0.0007605309697877467,0.7998129952929313,0.8013340572325068,50,0.95
S4 condition-based capacity 2,2.0,1.0,share_starved_M3,0.008270222882095498,0.00016816200712076513,0.008102060874974733,0.008438384889216263,50,0.95
S4 condition-based capacity 2,2.0,1.0,share_blocked_M3,0.008634425458359981,0.00018090128039719013,0.00845352417796279,0.008815326738757172,50,0.95
S4 condition-based capacity 2,2.0,1.0,share_awaiting_repair_M3,0.0,0.0,0.0,0.0,50,0.95
S4 condition-based capacity 2,2.0,1.0,share_under_repair_M3,0.1825218253968254,0.0008166012303655748,0.18170522416645982,0.183338426627191,50,0.95
S4 condition-based capacity 2,2.0,1.0,availability_M4,0.9455962301587303,0.0003374688856970597,0.9452587612730332,0.9459336990444274,50,0.95
S4 condition-based capacity 2,2.0,1.0,repairs_M4,217.44,1.3817691935574414,216.05823080644257,218.82176919355743,50,0.95
S4 condition-based capacity 2,2.0,1.0,repairs_preventive_M4,217.44,1.3817691935574414,216.05823080644257,218.82176919355743,50,0.95
S4 condition-based capacity 2,2.0,1.0,share_processing_M4,0.8005694444444444,0.0007561538940089327,0.7998132905504355,0.8013255983384534,50,0.95
S4 condition-based capacity 2,2.0,1.0,share_starved_M4,0.1362529761904762,0.0009544113510522405,0.13529856483942396,0.13720738754152842,50,0.95
S4 condition-based capacity 2,2.0,1.0,share_blocked_M4,0.008773809523809524,0.00023100094634159746,0.008542808577467927,0.009004810470151121,50,0.95
S4 condition-based capacity 2,2.0,1.0,share_awaiting_repair_M4,0.0,0.0,0.0,0.0,50,0.95
S4 condition-based capacity 2,2.0,1.0,share_under_repair_M4,0.05440376984126985,0.00033746888569706154,0.054066300955572785,0.054741238726966915,50,0.95
S4 condition-based capacity 2,2.0,1.0,availability_M5,0.9452093253968255,0.0003272776749292893,0.9448820477218962,0.9455366030717547,50,0.95
S4 condition-based capacity 2,2.0,1.0,repairs_M5,218.64,1.2484081297265495,217.39159187027343,219.88840812972654,50,0.95
S4 condition-based capacity 2,2.0,1.0,repairs_preventive_M5,218.64,1.2484081297265495,217.39159187027343,219.88840812972654,50,0.95
S4 condition-based capacity 2,2.0,1.0,share_processing_M5,0.8005674603174604,0.0007547092937909065,0.7998127510236694,0.8013221696112514,50,0.95
S4 condition-based capacity 2,2.0,1.0,share_starved_M5,0.1377123015873016,0.0008869523975030149,0.13682534918979858,0.13859925398480463,50,0.95
S4 condition-based capacity 2,2.0,1.0,share_blocked_M5,0.006929563492063492,0.00015793773737124095,0.006771625754692251,0.007087501229434733,50,0.95
S4 condition-based capacity 2,2.0,1.0,share_awaiting_repair_M5,0.0,0.0,0.0,0.0,50,0.95
S4 condition-based capacity 2,2.0,1.0,share_under_repair_M5,0.054790674603174605,0.0003272776749292921,0.05446339692824531,0.0551179522781039,50,0.95
S4 condition-based capacity 2,2.0,1.0,availability_M6,0.945546626984127,0.000327094220385129,0.9452195327637418,0.9458737212045121,50,0.95
S4 condition-based capacity 2,2.0,1.0,repairs_M6,217.32,1.2831513556885772,216.03684864431142,218.60315135568857,50,0.95
S4 condition-based capacity 2,2.0,1.0,repairs_preventive_M6,217.32,1.2831513556885772,216.03684864431142,218.60315135568857,50,0.95
S4 condition-based capacity 2,2.0,1.0,share_processing_M6,0.8005803571428571,0.0007632275467482015,0.799817129596109,0.8013435846896053,50,0.95
S4 condition-based capacity 2,2.0,1.0,share_starved_M6,0.14496626984126984,0.0007943433316692191,0.14417192650960062,0.14576061317293906,50,0.95
S4 condition-based capacity 2,2.0,1.0,share_blocked_M6,0.0,0.0,0.0,0.0,50,0.95
S4 condition-based capacity 2,2.0,1.0,share_awaiting_repair_M6,0.0,0.0,0.0,0.0,50,0.95
S4 condition-based capacity 2,2.0,1.0,share_under_repair_M6,0.05445337301587301,0.0003270942203851286,0.054126278795487884,0.05478046723625814,50,0.95
S4 condition-based capacity 2,2.0,1.0,availability_mean,0.924100033068783,0.00017213554187510074,0.9239278975269078,0.9242721686106581,50,0.95
S4 condition-based capacity 2,2.0,1.0,repairs_mean,286.44666666666666,0.6749952589962321,285.77167140767045,287.12166192566286,50,0.95
S4 condition-based capacity 2,2.0,1.0,repairs_preventive_mean,286.44,0.6780624691033899,285.7619375308966,287.1180624691034,50,0.95
S4 condition-based capacity 5,5.0,1.0,parts_produced,8240.16,8.22305991663121,8231.93694008337,8248.38305991663,50,0.95
S4 condition-based capacity 5,5.0,1.0,throughput_per_h,0.8174761904761904,0.0008157797536340457,0.8166604107225564,0.8182919702298244,50,0.95
S4 condition-based capacity 5,5.0,1.0,mean_lead_time_h,19.48104686530693,0.025675780268564423,19.455371085038365,19.506722645575493,50,0.95
S4 condition-based capacity 5,5.0,1.0,mean_wip_parts,10.540990175423191,0.02126403789466963,10.519726137528522,10.56225421331786,50,0.95
S4 condition-based capacity 5,5.0,1.0,parts_scrapped,0.04,0.05625638777941879,-0.01625638777941879,0.09625638777941879,50,0.95
S4 condition-based capacity 5,5.0,1.0,mean_quality,0.8086748450688893,0.00039019887733424396,0.808284646191555,0.8090650439462236,50,0.95
S4 condition-based capacity 5,5.0,1.0,std_quality,0.060334200996744934,0.00026367877486874143,0.06007052222187619,0.060597879771613676,50,0.95
S4 condition-based capacity 5,5.0,1.0,failures_while_processing,0.04,0.05625638777941879,-0.01625638777941879,0.09625638777941879,50,0.95
S4 condition-based capacity 5,5.0,1.0,failures_while_starved,0.0,0.0,0.0,0.0,50,0.95
S4 condition-based capacity 5,5.0,1.0,failures_while_blocked,0.0,0.0,0.0,0.0,50,0.95
S4 condition-based capacity 5,5.0,1.0,alarms_true,1718.68,4.047528839395544,1714.6324711606046,1722.7275288393955,50,0.95
S4 condition-based capacity 5,5.0,1.0,alarms_false,0.0,0.0,0.0,0.0,50,0.95
S4 condition-based capacity 5,5.0,1.0,availability_M1,0.9451894841269842,0.0003900302826445558,0.9447994538443397,0.9455795144096287,50,0.95
S4 condition-based capacity 5,5.0,1.0,repairs_M1,218.64,1.519920519398818,217.12007948060116,220.1599205193988,50,0.95
S4 condition-based capacity 5,5.0,1.0,repairs_preventive_M1,218.64,1.519920519398818,217.12007948060116,220.1599205193988,50,0.95
S4 condition-based capacity 5,5.0,1.0,share_processing_M1,0.8174552435785506,0.0008208046456685331,0.816634438932882,0.8182760482242192,50,0.95
S4 condition-based capacity 5,5.0,1.0,share_starved_M1,0.0,0.0,0.0,0.0,50,0.95
S4 condition-based capacity 5,5.0,1.0,share_blocked_M1,0.1277342405484334,0.0008937924178589371,0.12684044813057446,0.12862803296629235,50,0.95
S4 condition-based capacity 5,5.0,1.0,share_awaiting_repair_M1,0.0,0.0,0.0,0.0,50,0.95
S4 condition-based capacity 5,5.0,1.0,share_under_repair_M1,0.05481051587301588,0.0003900302826445559,0.054420485590371326,0.05520054615566043,50,0.95
S4 condition-based capacity 5,5.0,1.0,availability_M2,0.945580357142857,0.00031088321738277527,0.9452694739254742,0.9458912403602399,50,0.95
S4 condition-based capacity 5,5.0,1.0,repairs_M2,217.22,1.184073909434421,216.03592609056557,218.40407390943443,50,0.95
S4 condition-based capacity 5,5.0,1.0,repairs_preventive_M2,217.22,1.184073909434421,216.03592609056557,218.40407390943443,50,0.95
S4 condition-based capacity 5,5.0,1.0,share_processing_M2,0.8174661562769634,0.0008204162601780267,0.8166457400167854,0.8182865725371414,50,0.95
S4 condition-based capacity 5,5.0,1.0,share_starved_M2,3.968253968253968e-06,7.974504909243013e-06,-4.006250940989045e-06,1.194275887749698e-05,50,0.95
S4 condition-based capacity 5,5.0,1.0,share_blocked_M2,0.12811023261192547,0.0009049914726780069,0.12720524113924747,0.12901522408460347,50,0.95
S4 condition-based capacity 5,5.0,1.0,share_awaiting_repair_M2,0.0,0.0,0.0,0.0,50,0.95
S4 condition-based capacity 5,5.0,1.0,share_under_repair_M2,0.054419642857142854,0.00031088321738277565,0.05410875963976008,0.05473052607452563,50,0.95
S4 condition-based capacity 5,5.0,1.0,availability_M3,0.8174781746031745,0.0008166012303655741,0.816661573372809,0.81829477583354,50,0.95
S4 condition-based capacity 5,5.0,1.0,repairs_M3,629.42,3.1264764824433295,626.2935235175567,632.5464764824433,50,0.95
S4 condition-based capacity 5,5.0,1.0,repairs_preventive_M3,629.38,3.138473952092551,626.2415260479074,632.5184739520926,50,0.95
S4 condition-based capacity 5,5.0,1.0,share_processing_M3,0.8174781746031745,0.0008166012303655741,0.816661573372809,0.81829477583354,50,0.95
S4 condition-based capacity 5,5.0,1.0,share_starved_M3,0.0,0.0,0.0,0.0,50,0.95
S4 condition-based capacity 5,5.0,1.0,share_blocked_M3,0.0,0.0,0.0,0.0,50,0.95
S4 condition-based capacity 5,5.0,1.0,share_awaiting_repair_M3,0.0,0.0,0.0,0.0,50,0.95
S4 condition-based capacity 5,5.0,1.0,share_under_repair_M3,0.1825218253968254,0.0008166012303655748,0.18170522416645982,0.183338426627191,50,0.95
S4 condition-based capacity 5,5.0,1.0,availability_M4,0.9455962301587303,0.0003374688856970597,0.9452587612730332,0.9459336990444274,50,0.95
S4 condition-based capacity 5,5.0,1.0,repairs_M4,217.44,1.3817691935574414,216.05823080644257,218.82176919355743,50,0.95
S4 condition-based capacity 5,5.0,1.0,repairs_preventive_M4,217.44,1.3817691935574414,216.05823080644257,218.82176919355743,50,0.95
S4 condition-based capacity 5,5.0,1.0,share_processing_M4,0.8174810372293443,0.000812254707867007,0.8166687825214772,0.8182932919372113,50,0.95
S4 condition-based capacity 5,5.0,1.0,share_starved_M4,0.1280933675325604,0.0009562193708384142,0.12713714816172197,0.12904958690339882,50,0.95
S4 condition-based capacity 5,5.0,1.0,share_blocked_M4,2.1825396825396827e-05,1.9139150831259535e-05,2.6862459941372926e-06,4.096454765665636e-05,50,0.95
S4 condition-based capacity 5,5.0,1.0,share_awaiting_repair_M4,0.0,0.0,0.0,0.0,50,0.95
S4 condition-based capacity 5,5.0,1.0,share_under_repair_M4,0.05440376984126985,0.00033746888569706154,0.054066300955572785,0.054741238726966915,50,0.95
S4 condition-based capacity 5,5.0,1.0,availability_M5,0.9452093253968255,0.0003272776749292893,0.9448820477218962,0.9455366030717547,50,0.95
S4 condition-based capacity 5,5.0,1.0,repairs_M5,218.64,1.2484081297265495,217.39159187027343,219.88840812972654,50,0.95
S4 condition-based capacity 5,5.0,1.0,repairs_preventive_M5,218.64,1.2484081297265495,217.39159187027343,219.88840812972654,50,0.95
S4 condition-based capacity 5,5.0,1.0,share_processing_M5,0.817461806410741,0.0008070938694381262,0.8166547125413028,0.8182689002801791,50,0.95
S4 condition-based capacity 5,5.0,1.0,share_starved_M5,0.12773958247814796,0.0008944256105773452,0.1268451568675706,0.1286340080887253,50,0.95
S4 condition-based capacity 5,5.0,1.0,share_blocked_M5,7.936507936507936e-06,1.0792521397010739e-05,-2.8560134605028025e-06,1.8729029333518677e-05,50,0.95
S4 condition-based capacity 5,5.0,1.0,share_awaiting_repair_M5,0.0,0.0,0.0,0.0,50,0.95
S4 condition-based capacity 5,5.0,1.0,share_under_repair_M5,0.054790674603174605,0.0003272776749292921,0.05446339692824531,0.0551179522781039,50,0.95
S4 condition-based capacity 5,5.0,1.0,availability_M6,0.945546626984127,0.000327094220385129,0.9452195327637418,0.9458737212045121,50,0.95
S4 condition-based capacity 5,5.0,1.0,repairs_M6,217.32,1.2831513556885772,216.03684864431142,218.60315135568857,50,0.95
S4 condition-based capacity 5,5.0,1.0,repairs_preventive_M6,217.32,1.2831513556885772,216.03684864431142,218.60315135568857,50,0.95
S4 condition-based capacity 5,5.0,1.0,share_processing_M6,0.8174747032361377,0.0008167068591176644,0.8166579963770201,0.8182914100952553,50,0.95
S4 condition-based capacity 5,5.0,1.0,share_starved_M6,0.1280719237479892,0.000818390945263397,0.1272535328027258,0.1288903146932526,50,0.95
S4 condition-based capacity 5,5.0,1.0,share_blocked_M6,0.0,0.0,0.0,0.0,50,0.95
S4 condition-based capacity 5,5.0,1.0,share_awaiting_repair_M6,0.0,0.0,0.0,0.0,50,0.95
S4 condition-based capacity 5,5.0,1.0,share_under_repair_M6,0.05445337301587301,0.0003270942203851286,0.054126278795487884,0.05478046723625814,50,0.95
S4 condition-based capacity 5,5.0,1.0,availability_mean,0.924100033068783,0.00017213554187510074,0.9239278975269078,0.9242721686106581,50,0.95
S4 condition-based capacity 5,5.0,1.0,repairs_mean,286.44666666666666,0.6749952589962321,285.77167140767045,287.12166192566286,50,0.95
S4 condition-based capacity 5,5.0,1.0,repairs_preventive_mean,286.44,0.6780624691033899,285.7619375308966,287.1180624691034,50,0.95
S4 condition-based capacity 10,10.0,1.0,parts_produced,8240.16,8.22305991663121,8231.93694008337,8248.38305991663,50,0.95
S4 condition-based capacity 10,10.0,1.0,throughput_per_h,0.8174761904761904,0.0008157797536340457,0.8166604107225564,0.8182919702298244,50,0.95
S4 condition-based capacity 10,10.0,1.0,mean_lead_time_h,31.714091435197624,0.032244932391357166,31.681846502806266,31.74633636758898,50,0.95
S4 condition-based capacity 10,10.0,1.0,mean_wip_parts,20.54102192145494,0.021272513169172058,20.51974940828577,20.562294434624114,50,0.95
S4 condition-based capacity 10,10.0,1.0,parts_scrapped,0.04,0.05625638777941879,-0.01625638777941879,0.09625638777941879,50,0.95
S4 condition-based capacity 10,10.0,1.0,mean_quality,0.8086702971305296,0.00039015660416180604,0.8082801405263679,0.8090604537346914,50,0.95
S4 condition-based capacity 10,10.0,1.0,std_quality,0.06043300424217377,0.00027566226717584956,0.060157341974997926,0.06070866650934962,50,0.95
S4 condition-based capacity 10,10.0,1.0,failures_while_processing,0.04,0.05625638777941879,-0.01625638777941879,0.09625638777941879,50,0.95
S4 condition-based capacity 10,10.0,1.0,failures_while_starved,0.0,0.0,0.0,0.0,50,0.95
S4 condition-based capacity 10,10.0,1.0,failures_while_blocked,0.0,0.0,0.0,0.0,50,0.95
S4 condition-based capacity 10,10.0,1.0,alarms_true,1718.68,4.047528839395544,1714.6324711606046,1722.7275288393955,50,0.95
S4 condition-based capacity 10,10.0,1.0,alarms_false,0.0,0.0,0.0,0.0,50,0.95
S4 condition-based capacity 10,10.0,1.0,availability_M1,0.9451894841269842,0.0003900302826445558,0.9447994538443397,0.9455795144096287,50,0.95
S4 condition-based capacity 10,10.0,1.0,repairs_M1,218.64,1.519920519398818,217.12007948060116,220.1599205193988,50,0.95
S4 condition-based capacity 10,10.0,1.0,repairs_preventive_M1,218.64,1.519920519398818,217.12007948060116,220.1599205193988,50,0.95
S4 condition-based capacity 10,10.0,1.0,share_processing_M1,0.8174552435785506,0.0008208046456685331,0.816634438932882,0.8182760482242192,50,0.95
S4 condition-based capacity 10,10.0,1.0,share_starved_M1,0.0,0.0,0.0,0.0,50,0.95
S4 condition-based capacity 10,10.0,1.0,share_blocked_M1,0.1277342405484334,0.0008937924178589371,0.12684044813057446,0.12862803296629235,50,0.95
S4 condition-based capacity 10,10.0,1.0,share_awaiting_repair_M1,0.0,0.0,0.0,0.0,50,0.95
S4 condition-based capacity 10,10.0,1.0,share_under_repair_M1,0.05481051587301588,0.0003900302826445559,0.054420485590371326,0.05520054615566043,50,0.95
S4 condition-based capacity 10,10.0,1.0,availability_M2,0.945580357142857,0.00031088321738277527,0.9452694739254742,0.9458912403602399,50,0.95
S4 condition-based capacity 10,10.0,1.0,repairs_M2,217.22,1.184073909434421,216.03592609056557,218.40407390943443,50,0.95
S4 condition-based capacity 10,10.0,1.0,repairs_preventive_M2,217.22,1.184073909434421,216.03592609056557,218.40407390943443,50,0.95
S4 condition-based capacity 10,10.0,1.0,share_processing_M2,0.8174661562769634,0.0008204162601780267,0.8166457400167854,0.8182865725371414,50,0.95
S4 condition-based capacity 10,10.0,1.0,share_starved_M2,0.0,0.0,0.0,0.0,50,0.95
S4 condition-based capacity 10,10.0,1.0,share_blocked_M2,0.12811420086589373,0.00090499609231642,0.1272092047735773,0.12901919695821015,50,0.95
S4 condition-based capacity 10,10.0,1.0,share_awaiting_repair_M2,0.0,0.0,0.0,0.0,50,0.95
S4 condition-based capacity 10,10.0,1.0,share_under_repair_M2,0.054419642857142854,0.00031088321738277565,0.05410875963976008,0.05473052607452563,50,0.95
S4 condition-based capacity 10,10.0,1.0,availability_M3,0.8174781746031745,0.0008166012303655741,0.816661573372809,0.81829477583354,50,0.95
S4 condition-based capacity 10,10.0,1.0,repairs_M3,629.42,3.1264764824433295,626.2935235175567,632.5464764824433,50,0.95
S4 condition-based capacity 10,10.0,1.0,repairs_preventive_M3,629.38,3.138473952092551,626.2415260479074,632.5184739520926,50,0.95
S4 condition-based capacity 10,10.0,1.0,share_processing_M3,0.8174781746031745,0.0008166012303655741,0.816661573372809,0.81829477583354,50,0.95
S4 condition-based capacity 10,10.0,1.0,share_starved_M3,0.0,0.0,0.0,0.0,50,0.95
S4 condition-based capacity 10,10.0,1.0,share_blocked_M3,0.0,0.0,0.0,0.0,50,0.95
S4 condition-based capacity 10,10.0,1.0,share_awaiting_repair_M3,0.0,0.0,0.0,0.0,50,0.95
S4 condition-based capacity 10,10.0,1.0,share_under_repair_M3,0.1825218253968254,0.0008166012303655748,0.18170522416645982,0.183338426627191,50,0.95
S4 condition-based capacity 10,10.0,1.0,availability_M4,0.9455962301587303,0.0003374688856970597,0.9452587612730332,0.9459336990444274,50,0.95
S4 condition-based capacity 10,10.0,1.0,repairs_M4,217.44,1.3817691935574414,216.05823080644257,218.82176919355743,50,0.95
S4 condition-based capacity 10,10.0,1.0,repairs_preventive_M4,217.44,1.3817691935574414,216.05823080644257,218.82176919355743,50,0.95
S4 condition-based capacity 10,10.0,1.0,share_processing_M4,0.8174810372293443,0.000812254707867007,0.8166687825214772,0.8182932919372113,50,0.95
S4 condition-based capacity 10,10.0,1.0,share_starved_M4,0.12811519292938578,0.0009573138164808612,0.1271578791129049,0.12907250674586665,50,0.95
S4 condition-based capacity 10,10.0,1.0,share_blocked_M4,0.0,0.0,0.0,0.0,50,0.95
S4 condition-based capacity 10,10.0,1.0,share_awaiting_repair_M4,0.0,0.0,0.0,0.0,50,0.95
S4 condition-based capacity 10,10.0,1.0,share_under_repair_M4,0.05440376984126985,0.00033746888569706154,0.054066300955572785,0.054741238726966915,50,0.95
S4 condition-based capacity 10,10.0,1.0,availability_M5,0.9452093253968255,0.0003272776749292893,0.9448820477218962,0.9455366030717547,50,0.95
S4 condition-based capacity 10,10.0,1.0,repairs_M5,218.64,1.2484081297265495,217.39159187027343,219.88840812972654,50,0.95
S4 condition-based capacity 10,10.0,1.0,repairs_preventive_M5,218.64,1.2484081297265495,217.39159187027343,219.88840812972654,50,0.95
S4 condition-based capacity 10,10.0,1.0,share_processing_M5,0.817461806410741,0.0008070938694381262,0.8166547125413028,0.8182689002801791,50,0.95
S4 condition-based capacity 10,10.0,1.0,share_starved_M5,0.12774751898608444,0.0008937430183954044,0.12685377596768904,0.12864126200447984,50,0.95
S4 condition-based capacity 10,10.0,1.0,share_blocked_M5,0.0,0.0,0.0,0.0,50,0.95
S4 condition-based capacity 10,10.0,1.0,share_awaiting_repair_M5,0.0,0.0,0.0,0.0,50,0.95
S4 condition-based capacity 10,10.0,1.0,share_under_repair_M5,0.054790674603174605,0.0003272776749292921,0.05446339692824531,0.0551179522781039,50,0.95
S4 condition-based capacity 10,10.0,1.0,availability_M6,0.945546626984127,0.000327094220385129,0.9452195327637418,0.9458737212045121,50,0.95
S4 condition-based capacity 10,10.0,1.0,repairs_M6,217.32,1.2831513556885772,216.03684864431142,218.60315135568857,50,0.95
S4 condition-based capacity 10,10.0,1.0,repairs_preventive_M6,217.32,1.2831513556885772,216.03684864431142,218.60315135568857,50,0.95
S4 condition-based capacity 10,10.0,1.0,share_processing_M6,0.8174747032361377,0.0008167068591176644,0.8166579963770201,0.8182914100952553,50,0.95
S4 condition-based capacity 10,10.0,1.0,share_starved_M6,0.1280719237479892,0.000818390945263397,0.1272535328027258,0.1288903146932526,50,0.95
S4 condition-based capacity 10,10.0,1.0,share_blocked_M6,0.0,0.0,0.0,0.0,50,0.95
S4 condition-based capacity 10,10.0,1.0,share_awaiting_repair_M6,0.0,0.0,0.0,0.0,50,0.95
S4 condition-based capacity 10,10.0,1.0,share_under_repair_M6,0.05445337301587301,0.0003270942203851286,0.054126278795487884,0.05478046723625814,50,0.95
S4 condition-based capacity 10,10.0,1.0,availability_mean,0.924100033068783,0.00017213554187510074,0.9239278975269078,0.9242721686106581,50,0.95
S4 condition-based capacity 10,10.0,1.0,repairs_mean,286.44666666666666,0.6749952589962321,285.77167140767045,287.12166192566286,50,0.95
S4 condition-based capacity 10,10.0,1.0,repairs_preventive_mean,286.44,0.6780624691033899,285.7619375308966,287.1180624691034,50,0.95
S4 condition-based capacity 15,15.0,1.0,parts_produced,8240.16,8.22305991663121,8231.93694008337,8248.38305991663,50,0.95
S4 condition-based capacity 15,15.0,1.0,throughput_per_h,0.8174761904761904,0.0008157797536340457,0.8166604107225564,0.8182919702298244,50,0.95
S4 condition-based capacity 15,15.0,1.0,mean_lead_time_h,43.94729080123564,0.041751640271875216,43.90553916096376,43.989042441507515,50,0.95
S4 condition-based capacity 15,15.0,1.0,mean_wip_parts,30.541021921454934,0.021272513169172017,30.51974940828576,30.562294434624107,50,0.95
S4 condition-based capacity 15,15.0,1.0,parts_scrapped,0.04,0.05625638777941879,-0.01625638777941879,0.09625638777941879,50,0.95
S4 condition-based capacity 15,15.0,1.0,mean_quality,0.8086611806679183,0.0003907677080697952,0.8082704129598485,0.809051948375988,50,0.95
S4 condition-based capacity 15,15.0,1.0,std_quality,0.06056967652456608,0.00032502661793919495,0.06024464990662689,0.06089470314250527,50,0.95
S4 condition-based capacity 15,15.0,1.0,failures_while_processing,0.04,0.05625638777941879,-0.01625638777941879,0.09625638777941879,50,0.95
S4 condition-based capacity 15,15.0,1.0,failures_while_starved,0.0,0.0,0.0,0.0,50,0.95
S4 condition-based capacity 15,15.0,1.0,failures_while_blocked,0.0,0.0,0.0,0.0,50,0.95
S4 condition-based capacity 15,15.0,1.0,alarms_true,1718.68,4.047528839395544,1714.6324711606046,1722.7275288393955,50,0.95
S4 condition-based capacity 15,15.0,1.0,alarms_false,0.0,0.0,0.0,0.0,50,0.95
S4 condition-based capacity 15,15.0,1.0,availability_M1,0.9451894841269842,0.0003900302826445558,0.9447994538443397,0.9455795144096287,50,0.95
S4 condition-based capacity 15,15.0,1.0,repairs_M1,218.64,1.519920519398818,217.12007948060116,220.1599205193988,50,0.95
S4 condition-based capacity 15,15.0,1.0,repairs_preventive_M1,218.64,1.519920519398818,217.12007948060116,220.1599205193988,50,0.95
S4 condition-based capacity 15,15.0,1.0,share_processing_M1,0.8174552435785506,0.0008208046456685331,0.816634438932882,0.8182760482242192,50,0.95
S4 condition-based capacity 15,15.0,1.0,share_starved_M1,0.0,0.0,0.0,0.0,50,0.95
S4 condition-based capacity 15,15.0,1.0,share_blocked_M1,0.1277342405484334,0.0008937924178589371,0.12684044813057446,0.12862803296629235,50,0.95
S4 condition-based capacity 15,15.0,1.0,share_awaiting_repair_M1,0.0,0.0,0.0,0.0,50,0.95
S4 condition-based capacity 15,15.0,1.0,share_under_repair_M1,0.05481051587301588,0.0003900302826445559,0.054420485590371326,0.05520054615566043,50,0.95
S4 condition-based capacity 15,15.0,1.0,availability_M2,0.945580357142857,0.00031088321738277527,0.9452694739254742,0.9458912403602399,50,0.95
S4 condition-based capacity 15,15.0,1.0,repairs_M2,217.22,1.184073909434421,216.03592609056557,218.40407390943443,50,0.95
S4 condition-based capacity 15,15.0,1.0,repairs_preventive_M2,217.22,1.184073909434421,216.03592609056557,218.40407390943443,50,0.95
S4 condition-based capacity 15,15.0,1.0,share_processing_M2,0.8174661562769634,0.0008204162601780267,0.8166457400167854,0.8182865725371414,50,0.95
S4 condition-based capacity 15,15.0,1.0,share_starved_M2,0.0,0.0,0.0,0.0,50,0.95
S4 condition-based capacity 15,15.0,1.0,share_blocked_M2,0.12811420086589373,0.00090499609231642,0.1272092047735773,0.12901919695821015,50,0.95
S4 condition-based capacity 15,15.0,1.0,share_awaiting_repair_M2,0.0,0.0,0.0,0.0,50,0.95
S4 condition-based capacity 15,15.0,1.0,share_under_repair_M2,0.054419642857142854,0.00031088321738277565,0.05410875963976008,0.05473052607452563,50,0.95
S4 condition-based capacity 15,15.0,1.0,availability_M3,0.8174781746031745,0.0008166012303655741,0.816661573372809,0.81829477583354,50,0.95
S4 condition-based capacity 15,15.0,1.0,repairs_M3,629.42,3.1264764824433295,626.2935235175567,632.5464764824433,50,0.95
S4 condition-based capacity 15,15.0,1.0,repairs_preventive_M3,629.38,3.138473952092551,626.2415260479074,632.5184739520926,50,0.95
S4 condition-based capacity 15,15.0,1.0,share_processing_M3,0.8174781746031745,0.0008166012303655741,0.816661573372809,0.81829477583354,50,0.95
S4 condition-based capacity 15,15.0,1.0,share_starved_M3,0.0,0.0,0.0,0.0,50,0.95
S4 condition-based capacity 15,15.0,1.0,share_blocked_M3,0.0,0.0,0.0,0.0,50,0.95
S4 condition-based capacity 15,15.0,1.0,share_awaiting_repair_M3,0.0,0.0,0.0,0.0,50,0.95
S4 condition-based capacity 15,15.0,1.0,share_under_repair_M3,0.1825218253968254,0.0008166012303655748,0.18170522416645982,0.183338426627191,50,0.95
S4 condition-based capacity 15,15.0,1.0,availability_M4,0.9455962301587303,0.0003374688856970597,0.9452587612730332,0.9459336990444274,50,0.95
S4 condition-based capacity 15,15.0,1.0,repairs_M4,217.44,1.3817691935574414,216.05823080644257,218.82176919355743,50,0.95
S4 condition-based capacity 15,15.0,1.0,repairs_preventive_M4,217.44,1.3817691935574414,216.05823080644257,218.82176919355743,50,0.95
S4 condition-based capacity 15,15.0,1.0,share_processing_M4,0.8174810372293443,0.000812254707867007,0.8166687825214772,0.8182932919372113,50,0.95
S4 condition-based capacity 15,15.0,1.0,share_starved_M4,0.12811519292938578,0.0009573138164808612,0.1271578791129049,0.12907250674586665,50,0.95
S4 condition-based capacity 15,15.0,1.0,share_blocked_M4,0.0,0.0,0.0,0.0,50,0.95
S4 condition-based capacity 15,15.0,1.0,share_awaiting_repair_M4,0.0,0.0,0.0,0.0,50,0.95
S4 condition-based capacity 15,15.0,1.0,share_under_repair_M4,0.05440376984126985,0.00033746888569706154,0.054066300955572785,0.054741238726966915,50,0.95
S4 condition-based capacity 15,15.0,1.0,availability_M5,0.9452093253968255,0.0003272776749292893,0.9448820477218962,0.9455366030717547,50,0.95
S4 condition-based capacity 15,15.0,1.0,repairs_M5,218.64,1.2484081297265495,217.39159187027343,219.88840812972654,50,0.95
S4 condition-based capacity 15,15.0,1.0,repairs_preventive_M5,218.64,1.2484081297265495,217.39159187027343,219.88840812972654,50,0.95
S4 condition-based capacity 15,15.0,1.0,share_processing_M5,0.817461806410741,0.0008070938694381262,0.8166547125413028,0.8182689002801791,50,0.95
S4 condition-based capacity 15,15.0,1.0,share_starved_M5,0.12774751898608444,0.0008937430183954044,0.12685377596768904,0.12864126200447984,50,0.95
S4 condition-based capacity 15,15.0,1.0,share_blocked_M5,0.0,0.0,0.0,0.0,50,0.95
S4 condition-based capacity 15,15.0,1.0,share_awaiting_repair_M5,0.0,0.0,0.0,0.0,50,0.95
S4 condition-based capacity 15,15.0,1.0,share_under_repair_M5,0.054790674603174605,0.0003272776749292921,0.05446339692824531,0.0551179522781039,50,0.95
S4 condition-based capacity 15,15.0,1.0,availability_M6,0.945546626984127,0.000327094220385129,0.9452195327637418,0.9458737212045121,50,0.95
S4 condition-based capacity 15,15.0,1.0,repairs_M6,217.32,1.2831513556885772,216.03684864431142,218.60315135568857,50,0.95
S4 condition-based capacity 15,15.0,1.0,repairs_preventive_M6,217.32,1.2831513556885772,216.03684864431142,218.60315135568857,50,0.95
S4 condition-based capacity 15,15.0,1.0,share_processing_M6,0.8174747032361377,0.0008167068591176644,0.8166579963770201,0.8182914100952553,50,0.95
S4 condition-based capacity 15,15.0,1.0,share_starved_M6,0.1280719237479892,0.000818390945263397,0.1272535328027258,0.1288903146932526,50,0.95
S4 condition-based capacity 15,15.0,1.0,share_blocked_M6,0.0,0.0,0.0,0.0,50,0.95
S4 condition-based capacity 15,15.0,1.0,share_awaiting_repair_M6,0.0,0.0,0.0,0.0,50,0.95
S4 condition-based capacity 15,15.0,1.0,share_under_repair_M6,0.05445337301587301,0.0003270942203851286,0.054126278795487884,0.05478046723625814,50,0.95
S4 condition-based capacity 15,15.0,1.0,availability_mean,0.924100033068783,0.00017213554187510074,0.9239278975269078,0.9242721686106581,50,0.95
S4 condition-based capacity 15,15.0,1.0,repairs_mean,286.44666666666666,0.6749952589962321,285.77167140767045,287.12166192566286,50,0.95
S4 condition-based capacity 15,15.0,1.0,repairs_preventive_mean,286.44,0.6780624691033899,285.7619375308966,287.1180624691034,50,0.95
S4 condition-based capacity 20,20.0,1.0,parts_produced,8240.16,8.22305991663121,8231.93694008337,8248.38305991663,50,0.95
S4 condition-based capacity 20,20.0,1.0,throughput_per_h,0.8174761904761904,0.0008157797536340457,0.8166604107225564,0.8182919702298244,50,0.95
S4 condition-based capacity 20,20.0,1.0,mean_lead_time_h,56.18107865884203,0.05258737065400237,56.12849128818803,56.233666029496035,50,0.95
S4 condition-based capacity 20,20.0,1.0,mean_wip_parts,40.541021921454934,0.02127251316917208,40.51974940828576,40.56229443462411,50,0.95
S4 condition-based capacity 20,20.0,1.0,parts_scrapped,0.04,0.05625638777941879,-0.01625638777941879,0.09625638777941879,50,0.95
S4 condition-based capacity 20,20.0,1.0,mean_quality,0.8086578387213192,0.00039044516013106174,0.8082673935611882,0.8090482838814503,50,0.95
S4 condition-based capacity 20,20.0,1.0,std_quality,0.06026755746328993,0.0003142337440757708,0.059953323719214156,0.0605817912073657,50,0.95
S4 condition-based capacity 20,20.0,1.0,failures_while_processing,0.04,0.05625638777941879,-0.01625638777941879,0.09625638777941879,50,0.95
S4 condition-based capacity 20,20.0,1.0,failures_while_starved,0.0,0.0,0.0,0.0,50,0.95
S4 condition-based capacity 20,20.0,1.0,failures_while_blocked,0.0,0.0,0.0,0.0,50,0.95
S4 condition-based capacity 20,20.0,1.0,alarms_true,1718.68,4.047528839395544,1714.6324711606046,1722.7275288393955,50,0.95
S4 condition-based capacity 20,20.0,1.0,alarms_false,0.0,0.0,0.0,0.0,50,0.95
S4 condition-based capacity 20,20.0,1.0,availability_M1,0.9451894841269842,0.0003900302826445558,0.9447994538443397,0.9455795144096287,50,0.95
S4 condition-based capacity 20,20.0,1.0,repairs_M1,218.64,1.519920519398818,217.12007948060116,220.1599205193988,50,0.95
S4 condition-based capacity 20,20.0,1.0,repairs_preventive_M1,218.64,1.519920519398818,217.12007948060116,220.1599205193988,50,0.95
S4 condition-based capacity 20,20.0,1.0,share_processing_M1,0.8174552435785506,0.0008208046456685331,0.816634438932882,0.8182760482242192,50,0.95
S4 condition-based capacity 20,20.0,1.0,share_starved_M1,0.0,0.0,0.0,0.0,50,0.95
S4 condition-based capacity 20,20.0,1.0,share_blocked_M1,0.1277342405484334,0.0008937924178589371,0.12684044813057446,0.12862803296629235,50,0.95
S4 condition-based capacity 20,20.0,1.0,share_awaiting_repair_M1,0.0,0.0,0.0,0.0,50,0.95
S4 condition-based capacity 20,20.0,1.0,share_under_repair_M1,0.05481051587301588,0.0003900302826445559,0.054420485590371326,0.05520054615566043,50,0.95
S4 condition-based capacity 20,20.0,1.0,availability_M2,0.945580357142857,0.00031088321738277527,0.9452694739254742,0.9458912403602399,50,0.95
S4 condition-based capacity 20,20.0,1.0,repairs_M2,217.22,1.184073909434421,216.03592609056557,218.40407390943443,50,0.95
S4 condition-based capacity 20,20.0,1.0,repairs_preventive_M2,217.22,1.184073909434421,216.03592609056557,218.40407390943443,50,0.95
S4 condition-based capacity 20,20.0,1.0,share_processing_M2,0.8174661562769634,0.0008204162601780267,0.8166457400167854,0.8182865725371414,50,0.95
S4 condition-based capacity 20,20.0,1.0,share_starved_M2,0.0,0.0,0.0,0.0,50,0.95
S4 condition-based capacity 20,20.0,1.0,share_blocked_M2,0.12811420086589373,0.00090499609231642,0.1272092047735773,0.12901919695821015,50,0.95
S4 condition-based capacity 20,20.0,1.0,share_awaiting_repair_M2,0.0,0.0,0.0,0.0,50,0.95
S4 condition-based capacity 20,20.0,1.0,share_under_repair_M2,0.054419642857142854,0.00031088321738277565,0.05410875963976008,0.05473052607452563,50,0.95
S4 condition-based capacity 20,20.0,1.0,availability_M3,0.8174781746031745,0.0008166012303655741,0.816661573372809,0.81829477583354,50,0.95
S4 condition-based capacity 20,20.0,1.0,repairs_M3,629.42,3.1264764824433295,626.2935235175567,632.5464764824433,50,0.95
S4 condition-based capacity 20,20.0,1.0,repairs_preventive_M3,629.38,3.138473952092551,626.2415260479074,632.5184739520926,50,0.95
S4 condition-based capacity 20,20.0,1.0,share_processing_M3,0.8174781746031745,0.0008166012303655741,0.816661573372809,0.81829477583354,50,0.95
S4 condition-based capacity 20,20.0,1.0,share_starved_M3,0.0,0.0,0.0,0.0,50,0.95
S4 condition-based capacity 20,20.0,1.0,share_blocked_M3,0.0,0.0,0.0,0.0,50,0.95
S4 condition-based capacity 20,20.0,1.0,share_awaiting_repair_M3,0.0,0.0,0.0,0.0,50,0.95
S4 condition-based capacity 20,20.0,1.0,share_under_repair_M3,0.1825218253968254,0.0008166012303655748,0.18170522416645982,0.183338426627191,50,0.95
S4 condition-based capacity 20,20.0,1.0,availability_M4,0.9455962301587303,0.0003374688856970597,0.9452587612730332,0.9459336990444274,50,0.95
S4 condition-based capacity 20,20.0,1.0,repairs_M4,217.44,1.3817691935574414,216.05823080644257,218.82176919355743,50,0.95
S4 condition-based capacity 20,20.0,1.0,repairs_preventive_M4,217.44,1.3817691935574414,216.05823080644257,218.82176919355743,50,0.95
S4 condition-based capacity 20,20.0,1.0,share_processing_M4,0.8174810372293443,0.000812254707867007,0.8166687825214772,0.8182932919372113,50,0.95
S4 condition-based capacity 20,20.0,1.0,share_starved_M4,0.12811519292938578,0.0009573138164808612,0.1271578791129049,0.12907250674586665,50,0.95
S4 condition-based capacity 20,20.0,1.0,share_blocked_M4,0.0,0.0,0.0,0.0,50,0.95
S4 condition-based capacity 20,20.0,1.0,share_awaiting_repair_M4,0.0,0.0,0.0,0.0,50,0.95
S4 condition-based capacity 20,20.0,1.0,share_under_repair_M4,0.05440376984126985,0.00033746888569706154,0.054066300955572785,0.054741238726966915,50,0.95
S4 condition-based capacity 20,20.0,1.0,availability_M5,0.9452093253968255,0.0003272776749292893,0.9448820477218962,0.9455366030717547,50,0.95
S4 condition-based capacity 20,20.0,1.0,repairs_M5,218.64,1.2484081297265495,217.39159187027343,219.88840812972654,50,0.95
S4 condition-based capacity 20,20.0,1.0,repairs_preventive_M5,218.64,1.2484081297265495,217.39159187027343,219.88840812972654,50,0.95
S4 condition-based capacity 20,20.0,1.0,share_processing_M5,0.817461806410741,0.0008070938694381262,0.8166547125413028,0.8182689002801791,50,0.95
S4 condition-based capacity 20,20.0,1.0,share_starved_M5,0.12774751898608444,0.0008937430183954044,0.12685377596768904,0.12864126200447984,50,0.95
S4 condition-based capacity 20,20.0,1.0,share_blocked_M5,0.0,0.0,0.0,0.0,50,0.95
S4 condition-based capacity 20,20.0,1.0,share_awaiting_repair_M5,0.0,0.0,0.0,0.0,50,0.95
S4 condition-based capacity 20,20.0,1.0,share_under_repair_M5,0.054790674603174605,0.0003272776749292921,0.05446339692824531,0.0551179522781039,50,0.95
S4 condition-based capacity 20,20.0,1.0,availability_M6,0.945546626984127,0.000327094220385129,0.9452195327637418,0.9458737212045121,50,0.95
S4 condition-based capacity 20,20.0,1.0,repairs_M6,217.32,1.2831513556885772,216.03684864431142,218.60315135568857,50,0.95
S4 condition-based capacity 20,20.0,1.0,repairs_preventive_M6,217.32,1.2831513556885772,216.03684864431142,218.60315135568857,50,0.95
S4 condition-based capacity 20,20.0,1.0,share_processing_M6,0.8174747032361377,0.0008167068591176644,0.8166579963770201,0.8182914100952553,50,0.95
S4 condition-based capacity 20,20.0,1.0,share_starved_M6,0.1280719237479892,0.000818390945263397,0.1272535328027258,0.1288903146932526,50,0.95
S4 condition-based capacity 20,20.0,1.0,share_blocked_M6,0.0,0.0,0.0,0.0,50,0.95
S4 condition-based capacity 20,20.0,1.0,share_awaiting_repair_M6,0.0,0.0,0.0,0.0,50,0.95
S4 condition-based capacity 20,20.0,1.0,share_under_repair_M6,0.05445337301587301,0.0003270942203851286,0.054126278795487884,0.05478046723625814,50,0.95
S4 condition-based capacity 20,20.0,1.0,availability_mean,0.924100033068783,0.00017213554187510074,0.9239278975269078,0.9242721686106581,50,0.95
S4 condition-based capacity 20,20.0,1.0,repairs_mean,286.44666666666666,0.6749952589962321,285.77167140767045,287.12166192566286,50,0.95
S4 condition-based capacity 20,20.0,1.0,repairs_preventive_mean,286.44,0.6780624691033899,285.7619375308966,287.1180624691034,50,0.95
